Workbook

Sheet Roster
A1: Leave Roster – Monthly View
A2: Pick the month in B3. Shows leave codes per day; weekends and public holidays are shaded.
A3: Month (1-12) | B3: 10 | D3: =TEXT(DATE(Setup!B4,B3,1),"mmmm yyyy") -> October 2026
A4: Day | C4: =IF(C5="","",TEXT(C5,"ddd")) -> Thu | D4: =IF(D5="","",TEXT(D5,"ddd")) -> Fri | E4: =IF(E5="","",TEXT(E5,"ddd")) -> Sat | F4: =IF(F5="","",TEXT(F5,"ddd")) -> Sun | G4: =IF(G5="","",TEXT(G5,"ddd")) -> Mon | H4: =IF(H5="","",TEXT(H5,"ddd")) -> Tue | I4: =IF(I5="","",TEXT(I5,"ddd")) -> Wed | J4: =IF(J5="","",TEXT(J5,"ddd")) -> Thu | ... AG4: =IF(AG5="","",TEXT(AG5,"ddd")) -> Sat
A5: Employee | B5: Dept | C5: =IF(1<=DAY(EOMONTH(DATE(Setup!$B$4,$B$3,1),0)),DATE(Setup!$B$4,$B$3,1),"") -> 46296 | D5: =IF(2<=DAY(EOMONTH(DATE(Setup!$B$4,$B$3,1),0)),DATE(Setup!$B$4,$B$3,2),"") -> 46297 | E5: =IF(3<=DAY(EOMONTH(DATE(Setup!$B$4,$B$3,1),0)),DATE(Setup!$B$4,$B$3,3),"") -> 46298 | F5: =IF(4<=DAY(EOMONTH(DATE(Setup!$B$4,$B$3,1),0)),DATE(Setup!$B$4,$B$3,4),"") -> 46299 | G5: =IF(5<=DAY(EOMONTH(DATE(Setup!$B$4,$B$3,1),0)),DATE(Setup!$B$4,$B$3,5),"") -> 46300 | H5: =IF(6<=DAY(EOMONTH(DATE(Setup!$B$4,$B$3,1),0)),DATE(Setup!$B$4,$B$3,6),"") -> 46301 | I5: =IF(7<=DAY(EOMONTH(DATE(Setup!$B$4,$B$3,1),0)),DATE(Setup!$B$4,$B$3,7),"") -> 46302 | J5: =IF(8<=DAY(EOMONTH(DATE(Setup!$B$4,$B$3,1),0)),DATE(Setup!$B$4,$B$3,8),"") -> 46303 | K5: =IF(9<=DAY(EOMONTH(DATE(Setup!$B$4,$B$3,1),0)),DATE(Setup!$B$4,$B$3,9),"") -> 46304 | L5: =IF(10<=DAY(EOMONTH(DATE(Setup!$B$4,$B$3,1),0)),DATE(Setup!$B$4,$B$3,10),"") -> 46305 | M5: =IF(11<=DAY(EOMONTH(DATE(Setup!$B$4,$B$3,1),0)),DATE(Setup!$B$4,$B$3,11),"") -> 46306 | N5: =IF(12<=DAY(EOMONTH(DATE(Setup!$B$4,$B$3,1),0)),DATE(Setup!$B$4,$B$3,12),"") -> 46307 | O5: =IF(13<=DAY(EOMONTH(DATE(Setup!$B$4,$B$3,1),0)),DATE(Setup!$B$4,$B$3,13),"") -> 46308 | P5: =IF(14<=DAY(EOMONTH(DATE(Setup!$B$4,$B$3,1),0)),DATE(Setup!$B$4,$B$3,14),"") -> 46309 | Q5: =IF(15<=DAY(EOMONTH(DATE(Setup!$B$4,$B$3,1),0)),DATE(Setup!$B$4,$B$3,15),"") -> 46310 | R5: =IF(16<=DAY(EOMONTH(DATE(Setup!$B$4,$B$3,1),0)),DATE(Setup!$B$4,$B$3,16),"") -> 46311 | S5: =IF(17<=DAY(EOMONTH(DATE(Setup!$B$4,$B$3,1),0)),DATE(Setup!$B$4,$B$3,17),"") -> 46312 | T5: =IF(18<=DAY(EOMONTH(DATE(Setup!$B$4,$B$3,1),0)),DATE(Setup!$B$4,$B$3,18),"") -> 46313 | U5: =IF(19<=DAY(EOMONTH(DATE(Setup!$B$4,$B$3,1),0)),DATE(Setup!$B$4,$B$3,19),"") -> 46314 | V5: =IF(20<=DAY(EOMONTH(DATE(Setup!$B$4,$B$3,1),0)),DATE(Setup!$B$4,$B$3,20),"") -> 46315 | W5: =IF(21<=DAY(EOMONTH(DATE(Setup!$B$4,$B$3,1),0)),DATE(Setup!$B$4,$B$3,21),"") -> 46316 | X5: =IF(22<=DAY(EOMONTH(DATE(Setup!$B$4,$B$3,1),0)),DATE(Setup!$B$4,$B$3,22),"") -> 46317 | Y5: =IF(23<=DAY(EOMONTH(DATE(Setup!$B$4,$B$3,1),0)),DATE(Setup!$B$4,$B$3,23),"") -> 46318 | Z5: =IF(24<=DAY(EOMONTH(DATE(Setup!$B$4,$B$3,1),0)),DATE(Setup!$B$4,$B$3,24),"") -> 46319 | AA5: =IF(25<=DAY(EOMONTH(DATE(Setup!$B$4,$B$3,1),0)),DATE(Setup!$B$4,$B$3,25),"") -> 46320 | AB5: =IF(26<=DAY(EOMONTH(DATE(Setup!$B$4,$B$3,1),0)),DATE(Setup!$B$4,$B$3,26),"") -> 46321 | AC5: =IF(27<=DAY(EOMONTH(DATE(Setup!$B$4,$B$3,1),0)),DATE(Setup!$B$4,$B$3,27),"") -> 46322 | AD5: =IF(28<=DAY(EOMONTH(DATE(Setup!$B$4,$B$3,1),0)),DATE(Setup!$B$4,$B$3,28),"") -> 46323 | AE5: =IF(29<=DAY(EOMONTH(DATE(Setup!$B$4,$B$3,1),0)),DATE(Setup!$B$4,$B$3,29),"") -> 46324 | AF5: =IF(30<=DAY(EOMONTH(DATE(Setup!$B$4,$B$3,1),0)),DATE(Setup!$B$4,$B$3,30),"") -> 46325 | AG5: =IF(31<=DAY(EOMONTH(DATE(Setup!$B$4,$B$3,1),0)),DATE(Setup!$B$4,$B$3,31),"") -> 46326
A6: =IF(Employees!B5="","",Employees!B5) -> Amina Yusuf | B6: =IF(Employees!B5="","",Employees!C5) -> Operations | C6: =IF(OR(C$5="",$A6=""),"",IF(COUNTIFS('Leave Log'!$A$5:$A$304,$A6,'Leave Log'!$C$5:$C$304,"<="&C$5,'Leave Log'!$D$5:$D$304,">="&C$5,'Leave Log'!$F$5:$F$304,"<>Rejected",'Leave Log'!$B$5:$B$304,"AL")>0,"AL",IF(COUNTIFS('Leave Log'!$A$5:$A$304,$A6,'Leave Log'!$C$5:$C$304,"<="&C$5,'Leave Log'!$D$5:$D$304,">="&C$5,'Leave Log'!$F$5:$F$304,"<>Rejected",'Leave Log'!$B$5:$B$304,"SL")>0,"SL",IF(COUNTIFS('Leave Log'!$A$5:$A$304,$A6,'Leave Log'!$C$5:$C$304,"<="&C$5,'Leave Log'!$D$5:$D$304,">="&C$5,'Leave Log'!$F$5:$F$304,"<>Rejected",'Leave Log'!$B$5:$B$304,"CL")>0,"CL",IF(COUNTIFS('Leave Log'!$A$5:$A$304,$A6,'Leave Log'!$C$5:$C$304,"<="&C$5,'Leave Log'!$D$5:$D$304,">="&C$5,'Leave Log'!$F$5:$F$304,"<>Rejected",'Leave Log'!$B$5:$B$304,"UL")>0,"UL",IF(COUNTIFS('Leave Log'!$A$5:$A$304,$A6,'Leave Log'!$C$5:$C$304,"<="&C$5,'Leave Log'!$D$5:$D$304,">="&C$5,'Leave Log'!$F$5:$F$304,"<>Rejected",'Leave Log'!$B$5:$B$304,"OT")>0,"OT","")))))) | D6: =IF(OR(D$5="",$A6=""),"",IF(COUNTIFS('Leave Log'!$A$5:$A$304,$A6,'Leave Log'!$C$5:$C$304,"<="&D$5,'Leave Log'!$D$5:$D$304,">="&D$5,'Leave Log'!$F$5:$F$304,"<>Rejected",'Leave Log'!$B$5:$B$304,"AL")>0,"AL",IF(COUNTIFS('Leave Log'!$A$5:$A$304,$A6,'Leave Log'!$C$5:$C$304,"<="&D$5,'Leave Log'!$D$5:$D$304,">="&D$5,'Leave Log'!$F$5:$F$304,"<>Rejected",'Leave Log'!$B$5:$B$304,"SL")>0,"SL",IF(COUNTIFS('Leave Log'!$A$5:$A$304,$A6,'Leave Log'!$C$5:$C$304,"<="&D$5,'Leave Log'!$D$5:$D$304,">="&D$5,'Leave Log'!$F$5:$F$304,"<>Rejected",'Leave Log'!$B$5:$B$304,"CL")>0,"CL",IF(COUNTIFS('Leave Log'!$A$5:$A$304,$A6,'Leave Log'!$C$5:$C$304,"<="&D$5,'Leave Log'!$D$5:$D$304,">="&D$5,'Leave Log'!$F$5:$F$304,"<>Rejected",'Leave Log'!$B$5:$B$304,"UL")>0,"UL",IF(COUNTIFS('Leave Log'!$A$5:$A$304,$A6,'Leave Log'!$C$5:$C$304,"<="&D$5,'Leave Log'!$D$5:$D$304,">="&D$5,'Leave Log'!$F$5:$F$304,"<>Rejected",'Leave Log'!$B$5:$B$304,"OT")>0,"OT","")))))) | E6: =IF(OR(E$5="",$A6=""),"",IF(COUNTIFS('Leave Log'!$A$5:$A$304,$A6,'Leave Log'!$C$5:$C$304,"<="&E$5,'Leave Log'!$D$5:$D$304,">="&E$5,'Leave Log'!$F$5:$F$304,"<>Rejected",'Leave Log'!$B$5:$B$304,"AL")>0,"AL",IF(COUNTIFS('Leave Log'!$A$5:$A$304,$A6,'Leave Log'!$C$5:$C$304,"<="&E$5,'Leave Log'!$D$5:$D$304,">="&E$5,'Leave Log'!$F$5:$F$304,"<>Rejected",'Leave Log'!$B$5:$B$304,"SL")>0,"SL",IF(COUNTIFS('Leave Log'!$A$5:$A$304,$A6,'Leave Log'!$C$5:$C$304,"<="&E$5,'Leave Log'!$D$5:$D$304,">="&E$5,'Leave Log'!$F$5:$F$304,"<>Rejected",'Leave Log'!$B$5:$B$304,"CL")>0,"CL",IF(COUNTIFS('Leave Log'!$A$5:$A$304,$A6,'Leave Log'!$C$5:$C$304,"<="&E$5,'Leave Log'!$D$5:$D$304,">="&E$5,'Leave Log'!$F$5:$F$304,"<>Rejected",'Leave Log'!$B$5:$B$304,"UL")>0,"UL",IF(COUNTIFS('Leave Log'!$A$5:$A$304,$A6,'Leave Log'!$C$5:$C$304,"<="&E$5,'Leave Log'!$D$5:$D$304,">="&E$5,'Leave Log'!$F$5:$F$304,"<>Rejected",'Leave Log'!$B$5:$B$304,"OT")>0,"OT","")))))) | F6: =IF(OR(F$5="",$A6=""),"",IF(COUNTIFS('Leave Log'!$A$5:$A$304,$A6,'Leave Log'!$C$5:$C$304,"<="&F$5,'Leave Log'!$D$5:$D$304,">="&F$5,'Leave Log'!$F$5:$F$304,"<>Rejected",'Leave Log'!$B$5:$B$304,"AL")>0,"AL",IF(COUNTIFS('Leave Log'!$A$5:$A$304,$A6,'Leave Log'!$C$5:$C$304,"<="&F$5,'Leave Log'!$D$5:$D$304,">="&F$5,'Leave Log'!$F$5:$F$304,"<>Rejected",'Leave Log'!$B$5:$B$304,"SL")>0,"SL",IF(COUNTIFS('Leave Log'!$A$5:$A$304,$A6,'Leave Log'!$C$5:$C$304,"<="&F$5,'Leave Log'!$D$5:$D$304,">="&F$5,'Leave Log'!$F$5:$F$304,"<>Rejected",'Leave Log'!$B$5:$B$304,"CL")>0,"CL",IF(COUNTIFS('Leave Log'!$A$5:$A$304,$A6,'Leave Log'!$C$5:$C$304,"<="&F$5,'Leave Log'!$D$5:$D$304,">="&F$5,'Leave Log'!$F$5:$F$304,"<>Rejected",'Leave Log'!$B$5:$B$304,"UL")>0,"UL",IF(COUNTIFS('Leave Log'!$A$5:$A$304,$A6,'Leave Log'!$C$5:$C$304,"<="&F$5,'Leave Log'!$D$5:$D$304,">="&F$5,'Leave Log'!$F$5:$F$304,"<>Rejected",'Leave Log'!$B$5:$B$304,"OT")>0,"OT","")))))) | G6: =IF(OR(G$5="",$A6=""),"",IF(COUNTIFS('Leave Log'!$A$5:$A$304,$A6,'Leave Log'!$C$5:$C$304,"<="&G$5,'Leave Log'!$D$5:$D$304,">="&G$5,'Leave Log'!$F$5:$F$304,"<>Rejected",'Leave Log'!$B$5:$B$304,"AL")>0,"AL",IF(COUNTIFS('Leave Log'!$A$5:$A$304,$A6,'Leave Log'!$C$5:$C$304,"<="&G$5,'Leave Log'!$D$5:$D$304,">="&G$5,'Leave Log'!$F$5:$F$304,"<>Rejected",'Leave Log'!$B$5:$B$304,"SL")>0,"SL",IF(COUNTIFS('Leave Log'!$A$5:$A$304,$A6,'Leave Log'!$C$5:$C$304,"<="&G$5,'Leave Log'!$D$5:$D$304,">="&G$5,'Leave Log'!$F$5:$F$304,"<>Rejected",'Leave Log'!$B$5:$B$304,"CL")>0,"CL",IF(COUNTIFS('Leave Log'!$A$5:$A$304,$A6,'Leave Log'!$C$5:$C$304,"<="&G$5,'Leave Log'!$D$5:$D$304,">="&G$5,'Leave Log'!$F$5:$F$304,"<>Rejected",'Leave Log'!$B$5:$B$304,"UL")>0,"UL",IF(COUNTIFS('Leave Log'!$A$5:$A$304,$A6,'Leave Log'!$C$5:$C$304,"<="&G$5,'Leave Log'!$D$5:$D$304,">="&G$5,'Leave Log'!$F$5:$F$304,"<>Rejected",'Leave Log'!$B$5:$B$304,"OT")>0,"OT","")))))) | H6: =IF(OR(H$5="",$A6=""),"",IF(COUNTIFS('Leave Log'!$A$5:$A$304,$A6,'Leave Log'!$C$5:$C$304,"<="&H$5,'Leave Log'!$D$5:$D$304,">="&H$5,'Leave Log'!$F$5:$F$304,"<>Rejected",'Leave Log'!$B$5:$B$304,"AL")>0,"AL",IF(COUNTIFS('Leave Log'!$A$5:$A$304,$A6,'Leave Log'!$C$5:$C$304,"<="&H$5,'Leave Log'!$D$5:$D$304,">="&H$5,'Leave Log'!$F$5:$F$304,"<>Rejected",'Leave Log'!$B$5:$B$304,"SL")>0,"SL",IF(COUNTIFS('Leave Log'!$A$5:$A$304,$A6,'Leave Log'!$C$5:$C$304,"<="&H$5,'Leave Log'!$D$5:$D$304,">="&H$5,'Leave Log'!$F$5:$F$304,"<>Rejected",'Leave Log'!$B$5:$B$304,"CL")>0,"CL",IF(COUNTIFS('Leave Log'!$A$5:$A$304,$A6,'Leave Log'!$C$5:$C$304,"<="&H$5,'Leave Log'!$D$5:$D$304,">="&H$5,'Leave Log'!$F$5:$F$304,"<>Rejected",'Leave Log'!$B$5:$B$304,"UL")>0,"UL",IF(COUNTIFS('Leave Log'!$A$5:$A$304,$A6,'Leave Log'!$C$5:$C$304,"<="&H$5,'Leave Log'!$D$5:$D$304,">="&H$5,'Leave Log'!$F$5:$F$304,"<>Rejected",'Leave Log'!$B$5:$B$304,"OT")>0,"OT","")))))) | I6: =IF(OR(I$5="",$A6=""),"",IF(COUNTIFS('Leave Log'!$A$5:$A$304,$A6,'Leave Log'!$C$5:$C$304,"<="&I$5,'Leave Log'!$D$5:$D$304,">="&I$5,'Leave Log'!$F$5:$F$304,"<>Rejected",'Leave Log'!$B$5:$B$304,"AL")>0,"AL",IF(COUNTIFS('Leave Log'!$A$5:$A$304,$A6,'Leave Log'!$C$5:$C$304,"<="&I$5,'Leave Log'!$D$5:$D$304,">="&I$5,'Leave Log'!$F$5:$F$304,"<>Rejected",'Leave Log'!$B$5:$B$304,"SL")>0,"SL",IF(COUNTIFS('Leave Log'!$A$5:$A$304,$A6,'Leave Log'!$C$5:$C$304,"<="&I$5,'Leave Log'!$D$5:$D$304,">="&I$5,'Leave Log'!$F$5:$F$304,"<>Rejected",'Leave Log'!$B$5:$B$304,"CL")>0,"CL",IF(COUNTIFS('Leave Log'!$A$5:$A$304,$A6,'Leave Log'!$C$5:$C$304,"<="&I$5,'Leave Log'!$D$5:$D$304,">="&I$5,'Leave Log'!$F$5:$F$304,"<>Rejected",'Leave Log'!$B$5:$B$304,"UL")>0,"UL",IF(COUNTIFS('Leave Log'!$A$5:$A$304,$A6,'Leave Log'!$C$5:$C$304,"<="&I$5,'Leave Log'!$D$5:$D$304,">="&I$5,'Leave Log'!$F$5:$F$304,"<>Rejected",'Leave Log'!$B$5:$B$304,"OT")>0,"OT","")))))) | J6: =IF(OR(J$5="",$A6=""),"",IF(COUNTIFS('Leave Log'!$A$5:$A$304,$A6,'Leave Log'!$C$5:$C$304,"<="&J$5,'Leave Log'!$D$5:$D$304,">="&J$5,'Leave Log'!$F$5:$F$304,"<>Rejected",'Leave Log'!$B$5:$B$304,"AL")>0,"AL",IF(COUNTIFS('Leave Log'!$A$5:$A$304,$A6,'Leave Log'!$C$5:$C$304,"<="&J$5,'Leave Log'!$D$5:$D$304,">="&J$5,'Leave Log'!$F$5:$F$304,"<>Rejected",'Leave Log'!$B$5:$B$304,"SL")>0,"SL",IF(COUNTIFS('Leave Log'!$A$5:$A$304,$A6,'Leave Log'!$C$5:$C$304,"<="&J$5,'Leave Log'!$D$5:$D$304,">="&J$5,'Leave Log'!$F$5:$F$304,"<>Rejected",'Leave Log'!$B$5:$B$304,"CL")>0,"CL",IF(COUNTIFS('Leave Log'!$A$5:$A$304,$A6,'Leave Log'!$C$5:$C$304,"<="&J$5,'Leave Log'!$D$5:$D$304,">="&J$5,'Leave Log'!$F$5:$F$304,"<>Rejected",'Leave Log'!$B$5:$B$304,"UL")>0,"UL",IF(COUNTIFS('Leave Log'!$A$5:$A$304,$A6,'Leave Log'!$C$5:$C$304,"<="&J$5,'Leave Log'!$D$5:$D$304,">="&J$5,'Leave Log'!$F$5:$F$304,"<>Rejected",'Leave Log'!$B$5:$B$304,"OT")>0,"OT","")))))) | ... AG6: =IF(OR(AG$5="",$A6=""),"",IF(COUNTIFS('Leave Log'!$A$5:$A$304,$A6,'Leave Log'!$C$5:$C$304,"<="&AG$5,'Leave Log'!$D$5:$D$304,">="&AG$5,'Leave Log'!$F$5:$F$304,"<>Rejected",'Leave Log'!$B$5:$B$304,"AL")>0,"AL",IF(COUNTIFS('Leave Log'!$A$5:$A$304,$A6,'Leave Log'!$C$5:$C$304,"<="&AG$5,'Leave Log'!$D$5:$D$304,">="&AG$5,'Leave Log'!$F$5:$F$304,"<>Rejected",'Leave Log'!$B$5:$B$304,"SL")>0,"SL",IF(COUNTIFS('Leave Log'!$A$5:$A$304,$A6,'Leave Log'!$C$5:$C$304,"<="&AG$5,'Leave Log'!$D$5:$D$304,">="&AG$5,'Leave Log'!$F$5:$F$304,"<>Rejected",'Leave Log'!$B$5:$B$304,"CL")>0,"CL",IF(COUNTIFS('Leave Log'!$A$5:$A$304,$A6,'Leave Log'!$C$5:$C$304,"<="&AG$5,'Leave Log'!$D$5:$D$304,">="&AG$5,'Leave Log'!$F$5:$F$304,"<>Rejected",'Leave Log'!$B$5:$B$304,"UL")>0,"UL",IF(COUNTIFS('Leave Log'!$A$5:$A$304,$A6,'Leave Log'!$C$5:$C$304,"<="&AG$5,'Leave Log'!$D$5:$D$304,">="&AG$5,'Leave Log'!$F$5:$F$304,"<>Rejected",'Leave Log'!$B$5:$B$304,"OT")>0,"OT",""))))))
A7: =IF(Employees!B6="","",Employees!B6) -> Brian Okafor | B7: =IF(Employees!B6="","",Employees!C6) -> Operations | C7: =IF(OR(C$5="",$A7=""),"",IF(COUNTIFS('Leave Log'!$A$5:$A$304,$A7,'Leave Log'!$C$5:$C$304,"<="&C$5,'Leave Log'!$D$5:$D$304,">="&C$5,'Leave Log'!$F$5:$F$304,"<>Rejected",'Leave Log'!$B$5:$B$304,"AL")>0,"AL",IF(COUNTIFS('Leave Log'!$A$5:$A$304,$A7,'Leave Log'!$C$5:$C$304,"<="&C$5,'Leave Log'!$D$5:$D$304,">="&C$5,'Leave Log'!$F$5:$F$304,"<>Rejected",'Leave Log'!$B$5:$B$304,"SL")>0,"SL",IF(COUNTIFS('Leave Log'!$A$5:$A$304,$A7,'Leave Log'!$C$5:$C$304,"<="&C$5,'Leave Log'!$D$5:$D$304,">="&C$5,'Leave Log'!$F$5:$F$304,"<>Rejected",'Leave Log'!$B$5:$B$304,"CL")>0,"CL",IF(COUNTIFS('Leave Log'!$A$5:$A$304,$A7,'Leave Log'!$C$5:$C$304,"<="&C$5,'Leave Log'!$D$5:$D$304,">="&C$5,'Leave Log'!$F$5:$F$304,"<>Rejected",'Leave Log'!$B$5:$B$304,"UL")>0,"UL",IF(COUNTIFS('Leave Log'!$A$5:$A$304,$A7,'Leave Log'!$C$5:$C$304,"<="&C$5,'Leave Log'!$D$5:$D$304,">="&C$5,'Leave Log'!$F$5:$F$304,"<>Rejected",'Leave Log'!$B$5:$B$304,"OT")>0,"OT","")))))) | D7: =IF(OR(D$5="",$A7=""),"",IF(COUNTIFS('Leave Log'!$A$5:$A$304,$A7,'Leave Log'!$C$5:$C$304,"<="&D$5,'Leave Log'!$D$5:$D$304,">="&D$5,'Leave Log'!$F$5:$F$304,"<>Rejected",'Leave Log'!$B$5:$B$304,"AL")>0,"AL",IF(COUNTIFS('Leave Log'!$A$5:$A$304,$A7,'Leave Log'!$C$5:$C$304,"<="&D$5,'Leave Log'!$D$5:$D$304,">="&D$5,'Leave Log'!$F$5:$F$304,"<>Rejected",'Leave Log'!$B$5:$B$304,"SL")>0,"SL",IF(COUNTIFS('Leave Log'!$A$5:$A$304,$A7,'Leave Log'!$C$5:$C$304,"<="&D$5,'Leave Log'!$D$5:$D$304,">="&D$5,'Leave Log'!$F$5:$F$304,"<>Rejected",'Leave Log'!$B$5:$B$304,"CL")>0,"CL",IF(COUNTIFS('Leave Log'!$A$5:$A$304,$A7,'Leave Log'!$C$5:$C$304,"<="&D$5,'Leave Log'!$D$5:$D$304,">="&D$5,'Leave Log'!$F$5:$F$304,"<>Rejected",'Leave Log'!$B$5:$B$304,"UL")>0,"UL",IF(COUNTIFS('Leave Log'!$A$5:$A$304,$A7,'Leave Log'!$C$5:$C$304,"<="&D$5,'Leave Log'!$D$5:$D$304,">="&D$5,'Leave Log'!$F$5:$F$304,"<>Rejected",'Leave Log'!$B$5:$B$304,"OT")>0,"OT","")))))) | E7: =IF(OR(E$5="",$A7=""),"",IF(COUNTIFS('Leave Log'!$A$5:$A$304,$A7,'Leave Log'!$C$5:$C$304,"<="&E$5,'Leave Log'!$D$5:$D$304,">="&E$5,'Leave Log'!$F$5:$F$304,"<>Rejected",'Leave Log'!$B$5:$B$304,"AL")>0,"AL",IF(COUNTIFS('Leave Log'!$A$5:$A$304,$A7,'Leave Log'!$C$5:$C$304,"<="&E$5,'Leave Log'!$D$5:$D$304,">="&E$5,'Leave Log'!$F$5:$F$304,"<>Rejected",'Leave Log'!$B$5:$B$304,"SL")>0,"SL",IF(COUNTIFS('Leave Log'!$A$5:$A$304,$A7,'Leave Log'!$C$5:$C$304,"<="&E$5,'Leave Log'!$D$5:$D$304,">="&E$5,'Leave Log'!$F$5:$F$304,"<>Rejected",'Leave Log'!$B$5:$B$304,"CL")>0,"CL",IF(COUNTIFS('Leave Log'!$A$5:$A$304,$A7,'Leave Log'!$C$5:$C$304,"<="&E$5,'Leave Log'!$D$5:$D$304,">="&E$5,'Leave Log'!$F$5:$F$304,"<>Rejected",'Leave Log'!$B$5:$B$304,"UL")>0,"UL",IF(COUNTIFS('Leave Log'!$A$5:$A$304,$A7,'Leave Log'!$C$5:$C$304,"<="&E$5,'Leave Log'!$D$5:$D$304,">="&E$5,'Leave Log'!$F$5:$F$304,"<>Rejected",'Leave Log'!$B$5:$B$304,"OT")>0,"OT","")))))) | F7: =IF(OR(F$5="",$A7=""),"",IF(COUNTIFS('Leave Log'!$A$5:$A$304,$A7,'Leave Log'!$C$5:$C$304,"<="&F$5,'Leave Log'!$D$5:$D$304,">="&F$5,'Leave Log'!$F$5:$F$304,"<>Rejected",'Leave Log'!$B$5:$B$304,"AL")>0,"AL",IF(COUNTIFS('Leave Log'!$A$5:$A$304,$A7,'Leave Log'!$C$5:$C$304,"<="&F$5,'Leave Log'!$D$5:$D$304,">="&F$5,'Leave Log'!$F$5:$F$304,"<>Rejected",'Leave Log'!$B$5:$B$304,"SL")>0,"SL",IF(COUNTIFS('Leave Log'!$A$5:$A$304,$A7,'Leave Log'!$C$5:$C$304,"<="&F$5,'Leave Log'!$D$5:$D$304,">="&F$5,'Leave Log'!$F$5:$F$304,"<>Rejected",'Leave Log'!$B$5:$B$304,"CL")>0,"CL",IF(COUNTIFS('Leave Log'!$A$5:$A$304,$A7,'Leave Log'!$C$5:$C$304,"<="&F$5,'Leave Log'!$D$5:$D$304,">="&F$5,'Leave Log'!$F$5:$F$304,"<>Rejected",'Leave Log'!$B$5:$B$304,"UL")>0,"UL",IF(COUNTIFS('Leave Log'!$A$5:$A$304,$A7,'Leave Log'!$C$5:$C$304,"<="&F$5,'Leave Log'!$D$5:$D$304,">="&F$5,'Leave Log'!$F$5:$F$304,"<>Rejected",'Leave Log'!$B$5:$B$304,"OT")>0,"OT","")))))) | G7: =IF(OR(G$5="",$A7=""),"",IF(COUNTIFS('Leave Log'!$A$5:$A$304,$A7,'Leave Log'!$C$5:$C$304,"<="&G$5,'Leave Log'!$D$5:$D$304,">="&G$5,'Leave Log'!$F$5:$F$304,"<>Rejected",'Leave Log'!$B$5:$B$304,"AL")>0,"AL",IF(COUNTIFS('Leave Log'!$A$5:$A$304,$A7,'Leave Log'!$C$5:$C$304,"<="&G$5,'Leave Log'!$D$5:$D$304,">="&G$5,'Leave Log'!$F$5:$F$304,"<>Rejected",'Leave Log'!$B$5:$B$304,"SL")>0,"SL",IF(COUNTIFS('Leave Log'!$A$5:$A$304,$A7,'Leave Log'!$C$5:$C$304,"<="&G$5,'Leave Log'!$D$5:$D$304,">="&G$5,'Leave Log'!$F$5:$F$304,"<>Rejected",'Leave Log'!$B$5:$B$304,"CL")>0,"CL",IF(COUNTIFS('Leave Log'!$A$5:$A$304,$A7,'Leave Log'!$C$5:$C$304,"<="&G$5,'Leave Log'!$D$5:$D$304,">="&G$5,'Leave Log'!$F$5:$F$304,"<>Rejected",'Leave Log'!$B$5:$B$304,"UL")>0,"UL",IF(COUNTIFS('Leave Log'!$A$5:$A$304,$A7,'Leave Log'!$C$5:$C$304,"<="&G$5,'Leave Log'!$D$5:$D$304,">="&G$5,'Leave Log'!$F$5:$F$304,"<>Rejected",'Leave Log'!$B$5:$B$304,"OT")>0,"OT","")))))) | H7: =IF(OR(H$5="",$A7=""),"",IF(COUNTIFS('Leave Log'!$A$5:$A$304,$A7,'Leave Log'!$C$5:$C$304,"<="&H$5,'Leave Log'!$D$5:$D$304,">="&H$5,'Leave Log'!$F$5:$F$304,"<>Rejected",'Leave Log'!$B$5:$B$304,"AL")>0,"AL",IF(COUNTIFS('Leave Log'!$A$5:$A$304,$A7,'Leave Log'!$C$5:$C$304,"<="&H$5,'Leave Log'!$D$5:$D$304,">="&H$5,'Leave Log'!$F$5:$F$304,"<>Rejected",'Leave Log'!$B$5:$B$304,"SL")>0,"SL",IF(COUNTIFS('Leave Log'!$A$5:$A$304,$A7,'Leave Log'!$C$5:$C$304,"<="&H$5,'Leave Log'!$D$5:$D$304,">="&H$5,'Leave Log'!$F$5:$F$304,"<>Rejected",'Leave Log'!$B$5:$B$304,"CL")>0,"CL",IF(COUNTIFS('Leave Log'!$A$5:$A$304,$A7,'Leave Log'!$C$5:$C$304,"<="&H$5,'Leave Log'!$D$5:$D$304,">="&H$5,'Leave Log'!$F$5:$F$304,"<>Rejected",'Leave Log'!$B$5:$B$304,"UL")>0,"UL",IF(COUNTIFS('Leave Log'!$A$5:$A$304,$A7,'Leave Log'!$C$5:$C$304,"<="&H$5,'Leave Log'!$D$5:$D$304,">="&H$5,'Leave Log'!$F$5:$F$304,"<>Rejected",'Leave Log'!$B$5:$B$304,"OT")>0,"OT","")))))) | I7: =IF(OR(I$5="",$A7=""),"",IF(COUNTIFS('Leave Log'!$A$5:$A$304,$A7,'Leave Log'!$C$5:$C$304,"<="&I$5,'Leave Log'!$D$5:$D$304,">="&I$5,'Leave Log'!$F$5:$F$304,"<>Rejected",'Leave Log'!$B$5:$B$304,"AL")>0,"AL",IF(COUNTIFS('Leave Log'!$A$5:$A$304,$A7,'Leave Log'!$C$5:$C$304,"<="&I$5,'Leave Log'!$D$5:$D$304,">="&I$5,'Leave Log'!$F$5:$F$304,"<>Rejected",'Leave Log'!$B$5:$B$304,"SL")>0,"SL",IF(COUNTIFS('Leave Log'!$A$5:$A$304,$A7,'Leave Log'!$C$5:$C$304,"<="&I$5,'Leave Log'!$D$5:$D$304,">="&I$5,'Leave Log'!$F$5:$F$304,"<>Rejected",'Leave Log'!$B$5:$B$304,"CL")>0,"CL",IF(COUNTIFS('Leave Log'!$A$5:$A$304,$A7,'Leave Log'!$C$5:$C$304,"<="&I$5,'Leave Log'!$D$5:$D$304,">="&I$5,'Leave Log'!$F$5:$F$304,"<>Rejected",'Leave Log'!$B$5:$B$304,"UL")>0,"UL",IF(COUNTIFS('Leave Log'!$A$5:$A$304,$A7,'Leave Log'!$C$5:$C$304,"<="&I$5,'Leave Log'!$D$5:$D$304,">="&I$5,'Leave Log'!$F$5:$F$304,"<>Rejected",'Leave Log'!$B$5:$B$304,"OT")>0,"OT","")))))) | J7: =IF(OR(J$5="",$A7=""),"",IF(COUNTIFS('Leave Log'!$A$5:$A$304,$A7,'Leave Log'!$C$5:$C$304,"<="&J$5,'Leave Log'!$D$5:$D$304,">="&J$5,'Leave Log'!$F$5:$F$304,"<>Rejected",'Leave Log'!$B$5:$B$304,"AL")>0,"AL",IF(COUNTIFS('Leave Log'!$A$5:$A$304,$A7,'Leave Log'!$C$5:$C$304,"<="&J$5,'Leave Log'!$D$5:$D$304,">="&J$5,'Leave Log'!$F$5:$F$304,"<>Rejected",'Leave Log'!$B$5:$B$304,"SL")>0,"SL",IF(COUNTIFS('Leave Log'!$A$5:$A$304,$A7,'Leave Log'!$C$5:$C$304,"<="&J$5,'Leave Log'!$D$5:$D$304,">="&J$5,'Leave Log'!$F$5:$F$304,"<>Rejected",'Leave Log'!$B$5:$B$304,"CL")>0,"CL",IF(COUNTIFS('Leave Log'!$A$5:$A$304,$A7,'Leave Log'!$C$5:$C$304,"<="&J$5,'Leave Log'!$D$5:$D$304,">="&J$5,'Leave Log'!$F$5:$F$304,"<>Rejected",'Leave Log'!$B$5:$B$304,"UL")>0,"UL",IF(COUNTIFS('Leave Log'!$A$5:$A$304,$A7,'Leave Log'!$C$5:$C$304,"<="&J$5,'Leave Log'!$D$5:$D$304,">="&J$5,'Leave Log'!$F$5:$F$304,"<>Rejected",'Leave Log'!$B$5:$B$304,"OT")>0,"OT","")))))) | ... AG7: =IF(OR(AG$5="",$A7=""),"",IF(COUNTIFS('Leave Log'!$A$5:$A$304,$A7,'Leave Log'!$C$5:$C$304,"<="&AG$5,'Leave Log'!$D$5:$D$304,">="&AG$5,'Leave Log'!$F$5:$F$304,"<>Rejected",'Leave Log'!$B$5:$B$304,"AL")>0,"AL",IF(COUNTIFS('Leave Log'!$A$5:$A$304,$A7,'Leave Log'!$C$5:$C$304,"<="&AG$5,'Leave Log'!$D$5:$D$304,">="&AG$5,'Leave Log'!$F$5:$F$304,"<>Rejected",'Leave Log'!$B$5:$B$304,"SL")>0,"SL",IF(COUNTIFS('Leave Log'!$A$5:$A$304,$A7,'Leave Log'!$C$5:$C$304,"<="&AG$5,'Leave Log'!$D$5:$D$304,">="&AG$5,'Leave Log'!$F$5:$F$304,"<>Rejected",'Leave Log'!$B$5:$B$304,"CL")>0,"CL",IF(COUNTIFS('Leave Log'!$A$5:$A$304,$A7,'Leave Log'!$C$5:$C$304,"<="&AG$5,'Leave Log'!$D$5:$D$304,">="&AG$5,'Leave Log'!$F$5:$F$304,"<>Rejected",'Leave Log'!$B$5:$B$304,"UL")>0,"UL",IF(COUNTIFS('Leave Log'!$A$5:$A$304,$A7,'Leave Log'!$C$5:$C$304,"<="&AG$5,'Leave Log'!$D$5:$D$304,">="&AG$5,'Leave Log'!$F$5:$F$304,"<>Rejected",'Leave Log'!$B$5:$B$304,"OT")>0,"OT",""))))))
A8: =IF(Employees!B7="","",Employees!B7) -> Chloe Martin | B8: =IF(Employees!B7="","",Employees!C7) -> Finance | C8: =IF(OR(C$5="",$A8=""),"",IF(COUNTIFS('Leave Log'!$A$5:$A$304,$A8,'Leave Log'!$C$5:$C$304,"<="&C$5,'Leave Log'!$D$5:$D$304,">="&C$5,'Leave Log'!$F$5:$F$304,"<>Rejected",'Leave Log'!$B$5:$B$304,"AL")>0,"AL",IF(COUNTIFS('Leave Log'!$A$5:$A$304,$A8,'Leave Log'!$C$5:$C$304,"<="&C$5,'Leave Log'!$D$5:$D$304,">="&C$5,'Leave Log'!$F$5:$F$304,"<>Rejected",'Leave Log'!$B$5:$B$304,"SL")>0,"SL",IF(COUNTIFS('Leave Log'!$A$5:$A$304,$A8,'Leave Log'!$C$5:$C$304,"<="&C$5,'Leave Log'!$D$5:$D$304,">="&C$5,'Leave Log'!$F$5:$F$304,"<>Rejected",'Leave Log'!$B$5:$B$304,"CL")>0,"CL",IF(COUNTIFS('Leave Log'!$A$5:$A$304,$A8,'Leave Log'!$C$5:$C$304,"<="&C$5,'Leave Log'!$D$5:$D$304,">="&C$5,'Leave Log'!$F$5:$F$304,"<>Rejected",'Leave Log'!$B$5:$B$304,"UL")>0,"UL",IF(COUNTIFS('Leave Log'!$A$5:$A$304,$A8,'Leave Log'!$C$5:$C$304,"<="&C$5,'Leave Log'!$D$5:$D$304,">="&C$5,'Leave Log'!$F$5:$F$304,"<>Rejected",'Leave Log'!$B$5:$B$304,"OT")>0,"OT","")))))) | D8: =IF(OR(D$5="",$A8=""),"",IF(COUNTIFS('Leave Log'!$A$5:$A$304,$A8,'Leave Log'!$C$5:$C$304,"<="&D$5,'Leave Log'!$D$5:$D$304,">="&D$5,'Leave Log'!$F$5:$F$304,"<>Rejected",'Leave Log'!$B$5:$B$304,"AL")>0,"AL",IF(COUNTIFS('Leave Log'!$A$5:$A$304,$A8,'Leave Log'!$C$5:$C$304,"<="&D$5,'Leave Log'!$D$5:$D$304,">="&D$5,'Leave Log'!$F$5:$F$304,"<>Rejected",'Leave Log'!$B$5:$B$304,"SL")>0,"SL",IF(COUNTIFS('Leave Log'!$A$5:$A$304,$A8,'Leave Log'!$C$5:$C$304,"<="&D$5,'Leave Log'!$D$5:$D$304,">="&D$5,'Leave Log'!$F$5:$F$304,"<>Rejected",'Leave Log'!$B$5:$B$304,"CL")>0,"CL",IF(COUNTIFS('Leave Log'!$A$5:$A$304,$A8,'Leave Log'!$C$5:$C$304,"<="&D$5,'Leave Log'!$D$5:$D$304,">="&D$5,'Leave Log'!$F$5:$F$304,"<>Rejected",'Leave Log'!$B$5:$B$304,"UL")>0,"UL",IF(COUNTIFS('Leave Log'!$A$5:$A$304,$A8,'Leave Log'!$C$5:$C$304,"<="&D$5,'Leave Log'!$D$5:$D$304,">="&D$5,'Leave Log'!$F$5:$F$304,"<>Rejected",'Leave Log'!$B$5:$B$304,"OT")>0,"OT","")))))) | E8: =IF(OR(E$5="",$A8=""),"",IF(COUNTIFS('Leave Log'!$A$5:$A$304,$A8,'Leave Log'!$C$5:$C$304,"<="&E$5,'Leave Log'!$D$5:$D$304,">="&E$5,'Leave Log'!$F$5:$F$304,"<>Rejected",'Leave Log'!$B$5:$B$304,"AL")>0,"AL",IF(COUNTIFS('Leave Log'!$A$5:$A$304,$A8,'Leave Log'!$C$5:$C$304,"<="&E$5,'Leave Log'!$D$5:$D$304,">="&E$5,'Leave Log'!$F$5:$F$304,"<>Rejected",'Leave Log'!$B$5:$B$304,"SL")>0,"SL",IF(COUNTIFS('Leave Log'!$A$5:$A$304,$A8,'Leave Log'!$C$5:$C$304,"<="&E$5,'Leave Log'!$D$5:$D$304,">="&E$5,'Leave Log'!$F$5:$F$304,"<>Rejected",'Leave Log'!$B$5:$B$304,"CL")>0,"CL",IF(COUNTIFS('Leave Log'!$A$5:$A$304,$A8,'Leave Log'!$C$5:$C$304,"<="&E$5,'Leave Log'!$D$5:$D$304,">="&E$5,'Leave Log'!$F$5:$F$304,"<>Rejected",'Leave Log'!$B$5:$B$304,"UL")>0,"UL",IF(COUNTIFS('Leave Log'!$A$5:$A$304,$A8,'Leave Log'!$C$5:$C$304,"<="&E$5,'Leave Log'!$D$5:$D$304,">="&E$5,'Leave Log'!$F$5:$F$304,"<>Rejected",'Leave Log'!$B$5:$B$304,"OT")>0,"OT","")))))) | F8: =IF(OR(F$5="",$A8=""),"",IF(COUNTIFS('Leave Log'!$A$5:$A$304,$A8,'Leave Log'!$C$5:$C$304,"<="&F$5,'Leave Log'!$D$5:$D$304,">="&F$5,'Leave Log'!$F$5:$F$304,"<>Rejected",'Leave Log'!$B$5:$B$304,"AL")>0,"AL",IF(COUNTIFS('Leave Log'!$A$5:$A$304,$A8,'Leave Log'!$C$5:$C$304,"<="&F$5,'Leave Log'!$D$5:$D$304,">="&F$5,'Leave Log'!$F$5:$F$304,"<>Rejected",'Leave Log'!$B$5:$B$304,"SL")>0,"SL",IF(COUNTIFS('Leave Log'!$A$5:$A$304,$A8,'Leave Log'!$C$5:$C$304,"<="&F$5,'Leave Log'!$D$5:$D$304,">="&F$5,'Leave Log'!$F$5:$F$304,"<>Rejected",'Leave Log'!$B$5:$B$304,"CL")>0,"CL",IF(COUNTIFS('Leave Log'!$A$5:$A$304,$A8,'Leave Log'!$C$5:$C$304,"<="&F$5,'Leave Log'!$D$5:$D$304,">="&F$5,'Leave Log'!$F$5:$F$304,"<>Rejected",'Leave Log'!$B$5:$B$304,"UL")>0,"UL",IF(COUNTIFS('Leave Log'!$A$5:$A$304,$A8,'Leave Log'!$C$5:$C$304,"<="&F$5,'Leave Log'!$D$5:$D$304,">="&F$5,'Leave Log'!$F$5:$F$304,"<>Rejected",'Leave Log'!$B$5:$B$304,"OT")>0,"OT","")))))) | G8: =IF(OR(G$5="",$A8=""),"",IF(COUNTIFS('Leave Log'!$A$5:$A$304,$A8,'Leave Log'!$C$5:$C$304,"<="&G$5,'Leave Log'!$D$5:$D$304,">="&G$5,'Leave Log'!$F$5:$F$304,"<>Rejected",'Leave Log'!$B$5:$B$304,"AL")>0,"AL",IF(COUNTIFS('Leave Log'!$A$5:$A$304,$A8,'Leave Log'!$C$5:$C$304,"<="&G$5,'Leave Log'!$D$5:$D$304,">="&G$5,'Leave Log'!$F$5:$F$304,"<>Rejected",'Leave Log'!$B$5:$B$304,"SL")>0,"SL",IF(COUNTIFS('Leave Log'!$A$5:$A$304,$A8,'Leave Log'!$C$5:$C$304,"<="&G$5,'Leave Log'!$D$5:$D$304,">="&G$5,'Leave Log'!$F$5:$F$304,"<>Rejected",'Leave Log'!$B$5:$B$304,"CL")>0,"CL",IF(COUNTIFS('Leave Log'!$A$5:$A$304,$A8,'Leave Log'!$C$5:$C$304,"<="&G$5,'Leave Log'!$D$5:$D$304,">="&G$5,'Leave Log'!$F$5:$F$304,"<>Rejected",'Leave Log'!$B$5:$B$304,"UL")>0,"UL",IF(COUNTIFS('Leave Log'!$A$5:$A$304,$A8,'Leave Log'!$C$5:$C$304,"<="&G$5,'Leave Log'!$D$5:$D$304,">="&G$5,'Leave Log'!$F$5:$F$304,"<>Rejected",'Leave Log'!$B$5:$B$304,"OT")>0,"OT","")))))) | H8: =IF(OR(H$5="",$A8=""),"",IF(COUNTIFS('Leave Log'!$A$5:$A$304,$A8,'Leave Log'!$C$5:$C$304,"<="&H$5,'Leave Log'!$D$5:$D$304,">="&H$5,'Leave Log'!$F$5:$F$304,"<>Rejected",'Leave Log'!$B$5:$B$304,"AL")>0,"AL",IF(COUNTIFS('Leave Log'!$A$5:$A$304,$A8,'Leave Log'!$C$5:$C$304,"<="&H$5,'Leave Log'!$D$5:$D$304,">="&H$5,'Leave Log'!$F$5:$F$304,"<>Rejected",'Leave Log'!$B$5:$B$304,"SL")>0,"SL",IF(COUNTIFS('Leave Log'!$A$5:$A$304,$A8,'Leave Log'!$C$5:$C$304,"<="&H$5,'Leave Log'!$D$5:$D$304,">="&H$5,'Leave Log'!$F$5:$F$304,"<>Rejected",'Leave Log'!$B$5:$B$304,"CL")>0,"CL",IF(COUNTIFS('Leave Log'!$A$5:$A$304,$A8,'Leave Log'!$C$5:$C$304,"<="&H$5,'Leave Log'!$D$5:$D$304,">="&H$5,'Leave Log'!$F$5:$F$304,"<>Rejected",'Leave Log'!$B$5:$B$304,"UL")>0,"UL",IF(COUNTIFS('Leave Log'!$A$5:$A$304,$A8,'Leave Log'!$C$5:$C$304,"<="&H$5,'Leave Log'!$D$5:$D$304,">="&H$5,'Leave Log'!$F$5:$F$304,"<>Rejected",'Leave Log'!$B$5:$B$304,"OT")>0,"OT","")))))) | I8: =IF(OR(I$5="",$A8=""),"",IF(COUNTIFS('Leave Log'!$A$5:$A$304,$A8,'Leave Log'!$C$5:$C$304,"<="&I$5,'Leave Log'!$D$5:$D$304,">="&I$5,'Leave Log'!$F$5:$F$304,"<>Rejected",'Leave Log'!$B$5:$B$304,"AL")>0,"AL",IF(COUNTIFS('Leave Log'!$A$5:$A$304,$A8,'Leave Log'!$C$5:$C$304,"<="&I$5,'Leave Log'!$D$5:$D$304,">="&I$5,'Leave Log'!$F$5:$F$304,"<>Rejected",'Leave Log'!$B$5:$B$304,"SL")>0,"SL",IF(COUNTIFS('Leave Log'!$A$5:$A$304,$A8,'Leave Log'!$C$5:$C$304,"<="&I$5,'Leave Log'!$D$5:$D$304,">="&I$5,'Leave Log'!$F$5:$F$304,"<>Rejected",'Leave Log'!$B$5:$B$304,"CL")>0,"CL",IF(COUNTIFS('Leave Log'!$A$5:$A$304,$A8,'Leave Log'!$C$5:$C$304,"<="&I$5,'Leave Log'!$D$5:$D$304,">="&I$5,'Leave Log'!$F$5:$F$304,"<>Rejected",'Leave Log'!$B$5:$B$304,"UL")>0,"UL",IF(COUNTIFS('Leave Log'!$A$5:$A$304,$A8,'Leave Log'!$C$5:$C$304,"<="&I$5,'Leave Log'!$D$5:$D$304,">="&I$5,'Leave Log'!$F$5:$F$304,"<>Rejected",'Leave Log'!$B$5:$B$304,"OT")>0,"OT","")))))) | J8: =IF(OR(J$5="",$A8=""),"",IF(COUNTIFS('Leave Log'!$A$5:$A$304,$A8,'Leave Log'!$C$5:$C$304,"<="&J$5,'Leave Log'!$D$5:$D$304,">="&J$5,'Leave Log'!$F$5:$F$304,"<>Rejected",'Leave Log'!$B$5:$B$304,"AL")>0,"AL",IF(COUNTIFS('Leave Log'!$A$5:$A$304,$A8,'Leave Log'!$C$5:$C$304,"<="&J$5,'Leave Log'!$D$5:$D$304,">="&J$5,'Leave Log'!$F$5:$F$304,"<>Rejected",'Leave Log'!$B$5:$B$304,"SL")>0,"SL",IF(COUNTIFS('Leave Log'!$A$5:$A$304,$A8,'Leave Log'!$C$5:$C$304,"<="&J$5,'Leave Log'!$D$5:$D$304,">="&J$5,'Leave Log'!$F$5:$F$304,"<>Rejected",'Leave Log'!$B$5:$B$304,"CL")>0,"CL",IF(COUNTIFS('Leave Log'!$A$5:$A$304,$A8,'Leave Log'!$C$5:$C$304,"<="&J$5,'Leave Log'!$D$5:$D$304,">="&J$5,'Leave Log'!$F$5:$F$304,"<>Rejected",'Leave Log'!$B$5:$B$304,"UL")>0,"UL",IF(COUNTIFS('Leave Log'!$A$5:$A$304,$A8,'Leave Log'!$C$5:$C$304,"<="&J$5,'Leave Log'!$D$5:$D$304,">="&J$5,'Leave Log'!$F$5:$F$304,"<>Rejected",'Leave Log'!$B$5:$B$304,"OT")>0,"OT","")))))) | ... AG8: =IF(OR(AG$5="",$A8=""),"",IF(COUNTIFS('Leave Log'!$A$5:$A$304,$A8,'Leave Log'!$C$5:$C$304,"<="&AG$5,'Leave Log'!$D$5:$D$304,">="&AG$5,'Leave Log'!$F$5:$F$304,"<>Rejected",'Leave Log'!$B$5:$B$304,"AL")>0,"AL",IF(COUNTIFS('Leave Log'!$A$5:$A$304,$A8,'Leave Log'!$C$5:$C$304,"<="&AG$5,'Leave Log'!$D$5:$D$304,">="&AG$5,'Leave Log'!$F$5:$F$304,"<>Rejected",'Leave Log'!$B$5:$B$304,"SL")>0,"SL",IF(COUNTIFS('Leave Log'!$A$5:$A$304,$A8,'Leave Log'!$C$5:$C$304,"<="&AG$5,'Leave Log'!$D$5:$D$304,">="&AG$5,'Leave Log'!$F$5:$F$304,"<>Rejected",'Leave Log'!$B$5:$B$304,"CL")>0,"CL",IF(COUNTIFS('Leave Log'!$A$5:$A$304,$A8,'Leave Log'!$C$5:$C$304,"<="&AG$5,'Leave Log'!$D$5:$D$304,">="&AG$5,'Leave Log'!$F$5:$F$304,"<>Rejected",'Leave Log'!$B$5:$B$304,"UL")>0,"UL",IF(COUNTIFS('Leave Log'!$A$5:$A$304,$A8,'Leave Log'!$C$5:$C$304,"<="&AG$5,'Leave Log'!$D$5:$D$304,">="&AG$5,'Leave Log'!$F$5:$F$304,"<>Rejected",'Leave Log'!$B$5:$B$304,"OT")>0,"OT","")))))) -> AL
A9: =IF(Employees!B8="","",Employees!B8) -> David Chen | B9: =IF(Employees!B8="","",Employees!C8) -> Finance | C9: =IF(OR(C$5="",$A9=""),"",IF(COUNTIFS('Leave Log'!$A$5:$A$304,$A9,'Leave Log'!$C$5:$C$304,"<="&C$5,'Leave Log'!$D$5:$D$304,">="&C$5,'Leave Log'!$F$5:$F$304,"<>Rejected",'Leave Log'!$B$5:$B$304,"AL")>0,"AL",IF(COUNTIFS('Leave Log'!$A$5:$A$304,$A9,'Leave Log'!$C$5:$C$304,"<="&C$5,'Leave Log'!$D$5:$D$304,">="&C$5,'Leave Log'!$F$5:$F$304,"<>Rejected",'Leave Log'!$B$5:$B$304,"SL")>0,"SL",IF(COUNTIFS('Leave Log'!$A$5:$A$304,$A9,'Leave Log'!$C$5:$C$304,"<="&C$5,'Leave Log'!$D$5:$D$304,">="&C$5,'Leave Log'!$F$5:$F$304,"<>Rejected",'Leave Log'!$B$5:$B$304,"CL")>0,"CL",IF(COUNTIFS('Leave Log'!$A$5:$A$304,$A9,'Leave Log'!$C$5:$C$304,"<="&C$5,'Leave Log'!$D$5:$D$304,">="&C$5,'Leave Log'!$F$5:$F$304,"<>Rejected",'Leave Log'!$B$5:$B$304,"UL")>0,"UL",IF(COUNTIFS('Leave Log'!$A$5:$A$304,$A9,'Leave Log'!$C$5:$C$304,"<="&C$5,'Leave Log'!$D$5:$D$304,">="&C$5,'Leave Log'!$F$5:$F$304,"<>Rejected",'Leave Log'!$B$5:$B$304,"OT")>0,"OT","")))))) | D9: =IF(OR(D$5="",$A9=""),"",IF(COUNTIFS('Leave Log'!$A$5:$A$304,$A9,'Leave Log'!$C$5:$C$304,"<="&D$5,'Leave Log'!$D$5:$D$304,">="&D$5,'Leave Log'!$F$5:$F$304,"<>Rejected",'Leave Log'!$B$5:$B$304,"AL")>0,"AL",IF(COUNTIFS('Leave Log'!$A$5:$A$304,$A9,'Leave Log'!$C$5:$C$304,"<="&D$5,'Leave Log'!$D$5:$D$304,">="&D$5,'Leave Log'!$F$5:$F$304,"<>Rejected",'Leave Log'!$B$5:$B$304,"SL")>0,"SL",IF(COUNTIFS('Leave Log'!$A$5:$A$304,$A9,'Leave Log'!$C$5:$C$304,"<="&D$5,'Leave Log'!$D$5:$D$304,">="&D$5,'Leave Log'!$F$5:$F$304,"<>Rejected",'Leave Log'!$B$5:$B$304,"CL")>0,"CL",IF(COUNTIFS('Leave Log'!$A$5:$A$304,$A9,'Leave Log'!$C$5:$C$304,"<="&D$5,'Leave Log'!$D$5:$D$304,">="&D$5,'Leave Log'!$F$5:$F$304,"<>Rejected",'Leave Log'!$B$5:$B$304,"UL")>0,"UL",IF(COUNTIFS('Leave Log'!$A$5:$A$304,$A9,'Leave Log'!$C$5:$C$304,"<="&D$5,'Leave Log'!$D$5:$D$304,">="&D$5,'Leave Log'!$F$5:$F$304,"<>Rejected",'Leave Log'!$B$5:$B$304,"OT")>0,"OT","")))))) | E9: =IF(OR(E$5="",$A9=""),"",IF(COUNTIFS('Leave Log'!$A$5:$A$304,$A9,'Leave Log'!$C$5:$C$304,"<="&E$5,'Leave Log'!$D$5:$D$304,">="&E$5,'Leave Log'!$F$5:$F$304,"<>Rejected",'Leave Log'!$B$5:$B$304,"AL")>0,"AL",IF(COUNTIFS('Leave Log'!$A$5:$A$304,$A9,'Leave Log'!$C$5:$C$304,"<="&E$5,'Leave Log'!$D$5:$D$304,">="&E$5,'Leave Log'!$F$5:$F$304,"<>Rejected",'Leave Log'!$B$5:$B$304,"SL")>0,"SL",IF(COUNTIFS('Leave Log'!$A$5:$A$304,$A9,'Leave Log'!$C$5:$C$304,"<="&E$5,'Leave Log'!$D$5:$D$304,">="&E$5,'Leave Log'!$F$5:$F$304,"<>Rejected",'Leave Log'!$B$5:$B$304,"CL")>0,"CL",IF(COUNTIFS('Leave Log'!$A$5:$A$304,$A9,'Leave Log'!$C$5:$C$304,"<="&E$5,'Leave Log'!$D$5:$D$304,">="&E$5,'Leave Log'!$F$5:$F$304,"<>Rejected",'Leave Log'!$B$5:$B$304,"UL")>0,"UL",IF(COUNTIFS('Leave Log'!$A$5:$A$304,$A9,'Leave Log'!$C$5:$C$304,"<="&E$5,'Leave Log'!$D$5:$D$304,">="&E$5,'Leave Log'!$F$5:$F$304,"<>Rejected",'Leave Log'!$B$5:$B$304,"OT")>0,"OT","")))))) | F9: =IF(OR(F$5="",$A9=""),"",IF(COUNTIFS('Leave Log'!$A$5:$A$304,$A9,'Leave Log'!$C$5:$C$304,"<="&F$5,'Leave Log'!$D$5:$D$304,">="&F$5,'Leave Log'!$F$5:$F$304,"<>Rejected",'Leave Log'!$B$5:$B$304,"AL")>0,"AL",IF(COUNTIFS('Leave Log'!$A$5:$A$304,$A9,'Leave Log'!$C$5:$C$304,"<="&F$5,'Leave Log'!$D$5:$D$304,">="&F$5,'Leave Log'!$F$5:$F$304,"<>Rejected",'Leave Log'!$B$5:$B$304,"SL")>0,"SL",IF(COUNTIFS('Leave Log'!$A$5:$A$304,$A9,'Leave Log'!$C$5:$C$304,"<="&F$5,'Leave Log'!$D$5:$D$304,">="&F$5,'Leave Log'!$F$5:$F$304,"<>Rejected",'Leave Log'!$B$5:$B$304,"CL")>0,"CL",IF(COUNTIFS('Leave Log'!$A$5:$A$304,$A9,'Leave Log'!$C$5:$C$304,"<="&F$5,'Leave Log'!$D$5:$D$304,">="&F$5,'Leave Log'!$F$5:$F$304,"<>Rejected",'Leave Log'!$B$5:$B$304,"UL")>0,"UL",IF(COUNTIFS('Leave Log'!$A$5:$A$304,$A9,'Leave Log'!$C$5:$C$304,"<="&F$5,'Leave Log'!$D$5:$D$304,">="&F$5,'Leave Log'!$F$5:$F$304,"<>Rejected",'Leave Log'!$B$5:$B$304,"OT")>0,"OT","")))))) | G9: =IF(OR(G$5="",$A9=""),"",IF(COUNTIFS('Leave Log'!$A$5:$A$304,$A9,'Leave Log'!$C$5:$C$304,"<="&G$5,'Leave Log'!$D$5:$D$304,">="&G$5,'Leave Log'!$F$5:$F$304,"<>Rejected",'Leave Log'!$B$5:$B$304,"AL")>0,"AL",IF(COUNTIFS('Leave Log'!$A$5:$A$304,$A9,'Leave Log'!$C$5:$C$304,"<="&G$5,'Leave Log'!$D$5:$D$304,">="&G$5,'Leave Log'!$F$5:$F$304,"<>Rejected",'Leave Log'!$B$5:$B$304,"SL")>0,"SL",IF(COUNTIFS('Leave Log'!$A$5:$A$304,$A9,'Leave Log'!$C$5:$C$304,"<="&G$5,'Leave Log'!$D$5:$D$304,">="&G$5,'Leave Log'!$F$5:$F$304,"<>Rejected",'Leave Log'!$B$5:$B$304,"CL")>0,"CL",IF(COUNTIFS('Leave Log'!$A$5:$A$304,$A9,'Leave Log'!$C$5:$C$304,"<="&G$5,'Leave Log'!$D$5:$D$304,">="&G$5,'Leave Log'!$F$5:$F$304,"<>Rejected",'Leave Log'!$B$5:$B$304,"UL")>0,"UL",IF(COUNTIFS('Leave Log'!$A$5:$A$304,$A9,'Leave Log'!$C$5:$C$304,"<="&G$5,'Leave Log'!$D$5:$D$304,">="&G$5,'Leave Log'!$F$5:$F$304,"<>Rejected",'Leave Log'!$B$5:$B$304,"OT")>0,"OT","")))))) | H9: =IF(OR(H$5="",$A9=""),"",IF(COUNTIFS('Leave Log'!$A$5:$A$304,$A9,'Leave Log'!$C$5:$C$304,"<="&H$5,'Leave Log'!$D$5:$D$304,">="&H$5,'Leave Log'!$F$5:$F$304,"<>Rejected",'Leave Log'!$B$5:$B$304,"AL")>0,"AL",IF(COUNTIFS('Leave Log'!$A$5:$A$304,$A9,'Leave Log'!$C$5:$C$304,"<="&H$5,'Leave Log'!$D$5:$D$304,">="&H$5,'Leave Log'!$F$5:$F$304,"<>Rejected",'Leave Log'!$B$5:$B$304,"SL")>0,"SL",IF(COUNTIFS('Leave Log'!$A$5:$A$304,$A9,'Leave Log'!$C$5:$C$304,"<="&H$5,'Leave Log'!$D$5:$D$304,">="&H$5,'Leave Log'!$F$5:$F$304,"<>Rejected",'Leave Log'!$B$5:$B$304,"CL")>0,"CL",IF(COUNTIFS('Leave Log'!$A$5:$A$304,$A9,'Leave Log'!$C$5:$C$304,"<="&H$5,'Leave Log'!$D$5:$D$304,">="&H$5,'Leave Log'!$F$5:$F$304,"<>Rejected",'Leave Log'!$B$5:$B$304,"UL")>0,"UL",IF(COUNTIFS('Leave Log'!$A$5:$A$304,$A9,'Leave Log'!$C$5:$C$304,"<="&H$5,'Leave Log'!$D$5:$D$304,">="&H$5,'Leave Log'!$F$5:$F$304,"<>Rejected",'Leave Log'!$B$5:$B$304,"OT")>0,"OT","")))))) | I9: =IF(OR(I$5="",$A9=""),"",IF(COUNTIFS('Leave Log'!$A$5:$A$304,$A9,'Leave Log'!$C$5:$C$304,"<="&I$5,'Leave Log'!$D$5:$D$304,">="&I$5,'Leave Log'!$F$5:$F$304,"<>Rejected",'Leave Log'!$B$5:$B$304,"AL")>0,"AL",IF(COUNTIFS('Leave Log'!$A$5:$A$304,$A9,'Leave Log'!$C$5:$C$304,"<="&I$5,'Leave Log'!$D$5:$D$304,">="&I$5,'Leave Log'!$F$5:$F$304,"<>Rejected",'Leave Log'!$B$5:$B$304,"SL")>0,"SL",IF(COUNTIFS('Leave Log'!$A$5:$A$304,$A9,'Leave Log'!$C$5:$C$304,"<="&I$5,'Leave Log'!$D$5:$D$304,">="&I$5,'Leave Log'!$F$5:$F$304,"<>Rejected",'Leave Log'!$B$5:$B$304,"CL")>0,"CL",IF(COUNTIFS('Leave Log'!$A$5:$A$304,$A9,'Leave Log'!$C$5:$C$304,"<="&I$5,'Leave Log'!$D$5:$D$304,">="&I$5,'Leave Log'!$F$5:$F$304,"<>Rejected",'Leave Log'!$B$5:$B$304,"UL")>0,"UL",IF(COUNTIFS('Leave Log'!$A$5:$A$304,$A9,'Leave Log'!$C$5:$C$304,"<="&I$5,'Leave Log'!$D$5:$D$304,">="&I$5,'Leave Log'!$F$5:$F$304,"<>Rejected",'Leave Log'!$B$5:$B$304,"OT")>0,"OT","")))))) | J9: =IF(OR(J$5="",$A9=""),"",IF(COUNTIFS('Leave Log'!$A$5:$A$304,$A9,'Leave Log'!$C$5:$C$304,"<="&J$5,'Leave Log'!$D$5:$D$304,">="&J$5,'Leave Log'!$F$5:$F$304,"<>Rejected",'Leave Log'!$B$5:$B$304,"AL")>0,"AL",IF(COUNTIFS('Leave Log'!$A$5:$A$304,$A9,'Leave Log'!$C$5:$C$304,"<="&J$5,'Leave Log'!$D$5:$D$304,">="&J$5,'Leave Log'!$F$5:$F$304,"<>Rejected",'Leave Log'!$B$5:$B$304,"SL")>0,"SL",IF(COUNTIFS('Leave Log'!$A$5:$A$304,$A9,'Leave Log'!$C$5:$C$304,"<="&J$5,'Leave Log'!$D$5:$D$304,">="&J$5,'Leave Log'!$F$5:$F$304,"<>Rejected",'Leave Log'!$B$5:$B$304,"CL")>0,"CL",IF(COUNTIFS('Leave Log'!$A$5:$A$304,$A9,'Leave Log'!$C$5:$C$304,"<="&J$5,'Leave Log'!$D$5:$D$304,">="&J$5,'Leave Log'!$F$5:$F$304,"<>Rejected",'Leave Log'!$B$5:$B$304,"UL")>0,"UL",IF(COUNTIFS('Leave Log'!$A$5:$A$304,$A9,'Leave Log'!$C$5:$C$304,"<="&J$5,'Leave Log'!$D$5:$D$304,">="&J$5,'Leave Log'!$F$5:$F$304,"<>Rejected",'Leave Log'!$B$5:$B$304,"OT")>0,"OT","")))))) | ... AG9: =IF(OR(AG$5="",$A9=""),"",IF(COUNTIFS('Leave Log'!$A$5:$A$304,$A9,'Leave Log'!$C$5:$C$304,"<="&AG$5,'Leave Log'!$D$5:$D$304,">="&AG$5,'Leave Log'!$F$5:$F$304,"<>Rejected",'Leave Log'!$B$5:$B$304,"AL")>0,"AL",IF(COUNTIFS('Leave Log'!$A$5:$A$304,$A9,'Leave Log'!$C$5:$C$304,"<="&AG$5,'Leave Log'!$D$5:$D$304,">="&AG$5,'Leave Log'!$F$5:$F$304,"<>Rejected",'Leave Log'!$B$5:$B$304,"SL")>0,"SL",IF(COUNTIFS('Leave Log'!$A$5:$A$304,$A9,'Leave Log'!$C$5:$C$304,"<="&AG$5,'Leave Log'!$D$5:$D$304,">="&AG$5,'Leave Log'!$F$5:$F$304,"<>Rejected",'Leave Log'!$B$5:$B$304,"CL")>0,"CL",IF(COUNTIFS('Leave Log'!$A$5:$A$304,$A9,'Leave Log'!$C$5:$C$304,"<="&AG$5,'Leave Log'!$D$5:$D$304,">="&AG$5,'Leave Log'!$F$5:$F$304,"<>Rejected",'Leave Log'!$B$5:$B$304,"UL")>0,"UL",IF(COUNTIFS('Leave Log'!$A$5:$A$304,$A9,'Leave Log'!$C$5:$C$304,"<="&AG$5,'Leave Log'!$D$5:$D$304,">="&AG$5,'Leave Log'!$F$5:$F$304,"<>Rejected",'Leave Log'!$B$5:$B$304,"OT")>0,"OT",""))))))
A10: =IF(Employees!B9="","",Employees!B9) -> Esther Mensah | B10: =IF(Employees!B9="","",Employees!C9) -> HR | C10: =IF(OR(C$5="",$A10=""),"",IF(COUNTIFS('Leave Log'!$A$5:$A$304,$A10,'Leave Log'!$C$5:$C$304,"<="&C$5,'Leave Log'!$D$5:$D$304,">="&C$5,'Leave Log'!$F$5:$F$304,"<>Rejected",'Leave Log'!$B$5:$B$304,"AL")>0,"AL",IF(COUNTIFS('Leave Log'!$A$5:$A$304,$A10,'Leave Log'!$C$5:$C$304,"<="&C$5,'Leave Log'!$D$5:$D$304,">="&C$5,'Leave Log'!$F$5:$F$304,"<>Rejected",'Leave Log'!$B$5:$B$304,"SL")>0,"SL",IF(COUNTIFS('Leave Log'!$A$5:$A$304,$A10,'Leave Log'!$C$5:$C$304,"<="&C$5,'Leave Log'!$D$5:$D$304,">="&C$5,'Leave Log'!$F$5:$F$304,"<>Rejected",'Leave Log'!$B$5:$B$304,"CL")>0,"CL",IF(COUNTIFS('Leave Log'!$A$5:$A$304,$A10,'Leave Log'!$C$5:$C$304,"<="&C$5,'Leave Log'!$D$5:$D$304,">="&C$5,'Leave Log'!$F$5:$F$304,"<>Rejected",'Leave Log'!$B$5:$B$304,"UL")>0,"UL",IF(COUNTIFS('Leave Log'!$A$5:$A$304,$A10,'Leave Log'!$C$5:$C$304,"<="&C$5,'Leave Log'!$D$5:$D$304,">="&C$5,'Leave Log'!$F$5:$F$304,"<>Rejected",'Leave Log'!$B$5:$B$304,"OT")>0,"OT","")))))) | D10: =IF(OR(D$5="",$A10=""),"",IF(COUNTIFS('Leave Log'!$A$5:$A$304,$A10,'Leave Log'!$C$5:$C$304,"<="&D$5,'Leave Log'!$D$5:$D$304,">="&D$5,'Leave Log'!$F$5:$F$304,"<>Rejected",'Leave Log'!$B$5:$B$304,"AL")>0,"AL",IF(COUNTIFS('Leave Log'!$A$5:$A$304,$A10,'Leave Log'!$C$5:$C$304,"<="&D$5,'Leave Log'!$D$5:$D$304,">="&D$5,'Leave Log'!$F$5:$F$304,"<>Rejected",'Leave Log'!$B$5:$B$304,"SL")>0,"SL",IF(COUNTIFS('Leave Log'!$A$5:$A$304,$A10,'Leave Log'!$C$5:$C$304,"<="&D$5,'Leave Log'!$D$5:$D$304,">="&D$5,'Leave Log'!$F$5:$F$304,"<>Rejected",'Leave Log'!$B$5:$B$304,"CL")>0,"CL",IF(COUNTIFS('Leave Log'!$A$5:$A$304,$A10,'Leave Log'!$C$5:$C$304,"<="&D$5,'Leave Log'!$D$5:$D$304,">="&D$5,'Leave Log'!$F$5:$F$304,"<>Rejected",'Leave Log'!$B$5:$B$304,"UL")>0,"UL",IF(COUNTIFS('Leave Log'!$A$5:$A$304,$A10,'Leave Log'!$C$5:$C$304,"<="&D$5,'Leave Log'!$D$5:$D$304,">="&D$5,'Leave Log'!$F$5:$F$304,"<>Rejected",'Leave Log'!$B$5:$B$304,"OT")>0,"OT","")))))) | E10: =IF(OR(E$5="",$A10=""),"",IF(COUNTIFS('Leave Log'!$A$5:$A$304,$A10,'Leave Log'!$C$5:$C$304,"<="&E$5,'Leave Log'!$D$5:$D$304,">="&E$5,'Leave Log'!$F$5:$F$304,"<>Rejected",'Leave Log'!$B$5:$B$304,"AL")>0,"AL",IF(COUNTIFS('Leave Log'!$A$5:$A$304,$A10,'Leave Log'!$C$5:$C$304,"<="&E$5,'Leave Log'!$D$5:$D$304,">="&E$5,'Leave Log'!$F$5:$F$304,"<>Rejected",'Leave Log'!$B$5:$B$304,"SL")>0,"SL",IF(COUNTIFS('Leave Log'!$A$5:$A$304,$A10,'Leave Log'!$C$5:$C$304,"<="&E$5,'Leave Log'!$D$5:$D$304,">="&E$5,'Leave Log'!$F$5:$F$304,"<>Rejected",'Leave Log'!$B$5:$B$304,"CL")>0,"CL",IF(COUNTIFS('Leave Log'!$A$5:$A$304,$A10,'Leave Log'!$C$5:$C$304,"<="&E$5,'Leave Log'!$D$5:$D$304,">="&E$5,'Leave Log'!$F$5:$F$304,"<>Rejected",'Leave Log'!$B$5:$B$304,"UL")>0,"UL",IF(COUNTIFS('Leave Log'!$A$5:$A$304,$A10,'Leave Log'!$C$5:$C$304,"<="&E$5,'Leave Log'!$D$5:$D$304,">="&E$5,'Leave Log'!$F$5:$F$304,"<>Rejected",'Leave Log'!$B$5:$B$304,"OT")>0,"OT","")))))) | F10: =IF(OR(F$5="",$A10=""),"",IF(COUNTIFS('Leave Log'!$A$5:$A$304,$A10,'Leave Log'!$C$5:$C$304,"<="&F$5,'Leave Log'!$D$5:$D$304,">="&F$5,'Leave Log'!$F$5:$F$304,"<>Rejected",'Leave Log'!$B$5:$B$304,"AL")>0,"AL",IF(COUNTIFS('Leave Log'!$A$5:$A$304,$A10,'Leave Log'!$C$5:$C$304,"<="&F$5,'Leave Log'!$D$5:$D$304,">="&F$5,'Leave Log'!$F$5:$F$304,"<>Rejected",'Leave Log'!$B$5:$B$304,"SL")>0,"SL",IF(COUNTIFS('Leave Log'!$A$5:$A$304,$A10,'Leave Log'!$C$5:$C$304,"<="&F$5,'Leave Log'!$D$5:$D$304,">="&F$5,'Leave Log'!$F$5:$F$304,"<>Rejected",'Leave Log'!$B$5:$B$304,"CL")>0,"CL",IF(COUNTIFS('Leave Log'!$A$5:$A$304,$A10,'Leave Log'!$C$5:$C$304,"<="&F$5,'Leave Log'!$D$5:$D$304,">="&F$5,'Leave Log'!$F$5:$F$304,"<>Rejected",'Leave Log'!$B$5:$B$304,"UL")>0,"UL",IF(COUNTIFS('Leave Log'!$A$5:$A$304,$A10,'Leave Log'!$C$5:$C$304,"<="&F$5,'Leave Log'!$D$5:$D$304,">="&F$5,'Leave Log'!$F$5:$F$304,"<>Rejected",'Leave Log'!$B$5:$B$304,"OT")>0,"OT","")))))) | G10: =IF(OR(G$5="",$A10=""),"",IF(COUNTIFS('Leave Log'!$A$5:$A$304,$A10,'Leave Log'!$C$5:$C$304,"<="&G$5,'Leave Log'!$D$5:$D$304,">="&G$5,'Leave Log'!$F$5:$F$304,"<>Rejected",'Leave Log'!$B$5:$B$304,"AL")>0,"AL",IF(COUNTIFS('Leave Log'!$A$5:$A$304,$A10,'Leave Log'!$C$5:$C$304,"<="&G$5,'Leave Log'!$D$5:$D$304,">="&G$5,'Leave Log'!$F$5:$F$304,"<>Rejected",'Leave Log'!$B$5:$B$304,"SL")>0,"SL",IF(COUNTIFS('Leave Log'!$A$5:$A$304,$A10,'Leave Log'!$C$5:$C$304,"<="&G$5,'Leave Log'!$D$5:$D$304,">="&G$5,'Leave Log'!$F$5:$F$304,"<>Rejected",'Leave Log'!$B$5:$B$304,"CL")>0,"CL",IF(COUNTIFS('Leave Log'!$A$5:$A$304,$A10,'Leave Log'!$C$5:$C$304,"<="&G$5,'Leave Log'!$D$5:$D$304,">="&G$5,'Leave Log'!$F$5:$F$304,"<>Rejected",'Leave Log'!$B$5:$B$304,"UL")>0,"UL",IF(COUNTIFS('Leave Log'!$A$5:$A$304,$A10,'Leave Log'!$C$5:$C$304,"<="&G$5,'Leave Log'!$D$5:$D$304,">="&G$5,'Leave Log'!$F$5:$F$304,"<>Rejected",'Leave Log'!$B$5:$B$304,"OT")>0,"OT","")))))) | H10: =IF(OR(H$5="",$A10=""),"",IF(COUNTIFS('Leave Log'!$A$5:$A$304,$A10,'Leave Log'!$C$5:$C$304,"<="&H$5,'Leave Log'!$D$5:$D$304,">="&H$5,'Leave Log'!$F$5:$F$304,"<>Rejected",'Leave Log'!$B$5:$B$304,"AL")>0,"AL",IF(COUNTIFS('Leave Log'!$A$5:$A$304,$A10,'Leave Log'!$C$5:$C$304,"<="&H$5,'Leave Log'!$D$5:$D$304,">="&H$5,'Leave Log'!$F$5:$F$304,"<>Rejected",'Leave Log'!$B$5:$B$304,"SL")>0,"SL",IF(COUNTIFS('Leave Log'!$A$5:$A$304,$A10,'Leave Log'!$C$5:$C$304,"<="&H$5,'Leave Log'!$D$5:$D$304,">="&H$5,'Leave Log'!$F$5:$F$304,"<>Rejected",'Leave Log'!$B$5:$B$304,"CL")>0,"CL",IF(COUNTIFS('Leave Log'!$A$5:$A$304,$A10,'Leave Log'!$C$5:$C$304,"<="&H$5,'Leave Log'!$D$5:$D$304,">="&H$5,'Leave Log'!$F$5:$F$304,"<>Rejected",'Leave Log'!$B$5:$B$304,"UL")>0,"UL",IF(COUNTIFS('Leave Log'!$A$5:$A$304,$A10,'Leave Log'!$C$5:$C$304,"<="&H$5,'Leave Log'!$D$5:$D$304,">="&H$5,'Leave Log'!$F$5:$F$304,"<>Rejected",'Leave Log'!$B$5:$B$304,"OT")>0,"OT","")))))) | I10: =IF(OR(I$5="",$A10=""),"",IF(COUNTIFS('Leave Log'!$A$5:$A$304,$A10,'Leave Log'!$C$5:$C$304,"<="&I$5,'Leave Log'!$D$5:$D$304,">="&I$5,'Leave Log'!$F$5:$F$304,"<>Rejected",'Leave Log'!$B$5:$B$304,"AL")>0,"AL",IF(COUNTIFS('Leave Log'!$A$5:$A$304,$A10,'Leave Log'!$C$5:$C$304,"<="&I$5,'Leave Log'!$D$5:$D$304,">="&I$5,'Leave Log'!$F$5:$F$304,"<>Rejected",'Leave Log'!$B$5:$B$304,"SL")>0,"SL",IF(COUNTIFS('Leave Log'!$A$5:$A$304,$A10,'Leave Log'!$C$5:$C$304,"<="&I$5,'Leave Log'!$D$5:$D$304,">="&I$5,'Leave Log'!$F$5:$F$304,"<>Rejected",'Leave Log'!$B$5:$B$304,"CL")>0,"CL",IF(COUNTIFS('Leave Log'!$A$5:$A$304,$A10,'Leave Log'!$C$5:$C$304,"<="&I$5,'Leave Log'!$D$5:$D$304,">="&I$5,'Leave Log'!$F$5:$F$304,"<>Rejected",'Leave Log'!$B$5:$B$304,"UL")>0,"UL",IF(COUNTIFS('Leave Log'!$A$5:$A$304,$A10,'Leave Log'!$C$5:$C$304,"<="&I$5,'Leave Log'!$D$5:$D$304,">="&I$5,'Leave Log'!$F$5:$F$304,"<>Rejected",'Leave Log'!$B$5:$B$304,"OT")>0,"OT","")))))) | J10: =IF(OR(J$5="",$A10=""),"",IF(COUNTIFS('Leave Log'!$A$5:$A$304,$A10,'Leave Log'!$C$5:$C$304,"<="&J$5,'Leave Log'!$D$5:$D$304,">="&J$5,'Leave Log'!$F$5:$F$304,"<>Rejected",'Leave Log'!$B$5:$B$304,"AL")>0,"AL",IF(COUNTIFS('Leave Log'!$A$5:$A$304,$A10,'Leave Log'!$C$5:$C$304,"<="&J$5,'Leave Log'!$D$5:$D$304,">="&J$5,'Leave Log'!$F$5:$F$304,"<>Rejected",'Leave Log'!$B$5:$B$304,"SL")>0,"SL",IF(COUNTIFS('Leave Log'!$A$5:$A$304,$A10,'Leave Log'!$C$5:$C$304,"<="&J$5,'Leave Log'!$D$5:$D$304,">="&J$5,'Leave Log'!$F$5:$F$304,"<>Rejected",'Leave Log'!$B$5:$B$304,"CL")>0,"CL",IF(COUNTIFS('Leave Log'!$A$5:$A$304,$A10,'Leave Log'!$C$5:$C$304,"<="&J$5,'Leave Log'!$D$5:$D$304,">="&J$5,'Leave Log'!$F$5:$F$304,"<>Rejected",'Leave Log'!$B$5:$B$304,"UL")>0,"UL",IF(COUNTIFS('Leave Log'!$A$5:$A$304,$A10,'Leave Log'!$C$5:$C$304,"<="&J$5,'Leave Log'!$D$5:$D$304,">="&J$5,'Leave Log'!$F$5:$F$304,"<>Rejected",'Leave Log'!$B$5:$B$304,"OT")>0,"OT","")))))) | ... AG10: =IF(OR(AG$5="",$A10=""),"",IF(COUNTIFS('Leave Log'!$A$5:$A$304,$A10,'Leave Log'!$C$5:$C$304,"<="&AG$5,'Leave Log'!$D$5:$D$304,">="&AG$5,'Leave Log'!$F$5:$F$304,"<>Rejected",'Leave Log'!$B$5:$B$304,"AL")>0,"AL",IF(COUNTIFS('Leave Log'!$A$5:$A$304,$A10,'Leave Log'!$C$5:$C$304,"<="&AG$5,'Leave Log'!$D$5:$D$304,">="&AG$5,'Leave Log'!$F$5:$F$304,"<>Rejected",'Leave Log'!$B$5:$B$304,"SL")>0,"SL",IF(COUNTIFS('Leave Log'!$A$5:$A$304,$A10,'Leave Log'!$C$5:$C$304,"<="&AG$5,'Leave Log'!$D$5:$D$304,">="&AG$5,'Leave Log'!$F$5:$F$304,"<>Rejected",'Leave Log'!$B$5:$B$304,"CL")>0,"CL",IF(COUNTIFS('Leave Log'!$A$5:$A$304,$A10,'Leave Log'!$C$5:$C$304,"<="&AG$5,'Leave Log'!$D$5:$D$304,">="&AG$5,'Leave Log'!$F$5:$F$304,"<>Rejected",'Leave Log'!$B$5:$B$304,"UL")>0,"UL",IF(COUNTIFS('Leave Log'!$A$5:$A$304,$A10,'Leave Log'!$C$5:$C$304,"<="&AG$5,'Leave Log'!$D$5:$D$304,">="&AG$5,'Leave Log'!$F$5:$F$304,"<>Rejected",'Leave Log'!$B$5:$B$304,"OT")>0,"OT",""))))))
A11: =IF(Employees!B10="","",Employees!B10) -> Farid Khan | B11: =IF(Employees!B10="","",Employees!C10) -> IT | C11: =IF(OR(C$5="",$A11=""),"",IF(COUNTIFS('Leave Log'!$A$5:$A$304,$A11,'Leave Log'!$C$5:$C$304,"<="&C$5,'Leave Log'!$D$5:$D$304,">="&C$5,'Leave Log'!$F$5:$F$304,"<>Rejected",'Leave Log'!$B$5:$B$304,"AL")>0,"AL",IF(COUNTIFS('Leave Log'!$A$5:$A$304,$A11,'Leave Log'!$C$5:$C$304,"<="&C$5,'Leave Log'!$D$5:$D$304,">="&C$5,'Leave Log'!$F$5:$F$304,"<>Rejected",'Leave Log'!$B$5:$B$304,"SL")>0,"SL",IF(COUNTIFS('Leave Log'!$A$5:$A$304,$A11,'Leave Log'!$C$5:$C$304,"<="&C$5,'Leave Log'!$D$5:$D$304,">="&C$5,'Leave Log'!$F$5:$F$304,"<>Rejected",'Leave Log'!$B$5:$B$304,"CL")>0,"CL",IF(COUNTIFS('Leave Log'!$A$5:$A$304,$A11,'Leave Log'!$C$5:$C$304,"<="&C$5,'Leave Log'!$D$5:$D$304,">="&C$5,'Leave Log'!$F$5:$F$304,"<>Rejected",'Leave Log'!$B$5:$B$304,"UL")>0,"UL",IF(COUNTIFS('Leave Log'!$A$5:$A$304,$A11,'Leave Log'!$C$5:$C$304,"<="&C$5,'Leave Log'!$D$5:$D$304,">="&C$5,'Leave Log'!$F$5:$F$304,"<>Rejected",'Leave Log'!$B$5:$B$304,"OT")>0,"OT","")))))) | D11: =IF(OR(D$5="",$A11=""),"",IF(COUNTIFS('Leave Log'!$A$5:$A$304,$A11,'Leave Log'!$C$5:$C$304,"<="&D$5,'Leave Log'!$D$5:$D$304,">="&D$5,'Leave Log'!$F$5:$F$304,"<>Rejected",'Leave Log'!$B$5:$B$304,"AL")>0,"AL",IF(COUNTIFS('Leave Log'!$A$5:$A$304,$A11,'Leave Log'!$C$5:$C$304,"<="&D$5,'Leave Log'!$D$5:$D$304,">="&D$5,'Leave Log'!$F$5:$F$304,"<>Rejected",'Leave Log'!$B$5:$B$304,"SL")>0,"SL",IF(COUNTIFS('Leave Log'!$A$5:$A$304,$A11,'Leave Log'!$C$5:$C$304,"<="&D$5,'Leave Log'!$D$5:$D$304,">="&D$5,'Leave Log'!$F$5:$F$304,"<>Rejected",'Leave Log'!$B$5:$B$304,"CL")>0,"CL",IF(COUNTIFS('Leave Log'!$A$5:$A$304,$A11,'Leave Log'!$C$5:$C$304,"<="&D$5,'Leave Log'!$D$5:$D$304,">="&D$5,'Leave Log'!$F$5:$F$304,"<>Rejected",'Leave Log'!$B$5:$B$304,"UL")>0,"UL",IF(COUNTIFS('Leave Log'!$A$5:$A$304,$A11,'Leave Log'!$C$5:$C$304,"<="&D$5,'Leave Log'!$D$5:$D$304,">="&D$5,'Leave Log'!$F$5:$F$304,"<>Rejected",'Leave Log'!$B$5:$B$304,"OT")>0,"OT","")))))) | E11: =IF(OR(E$5="",$A11=""),"",IF(COUNTIFS('Leave Log'!$A$5:$A$304,$A11,'Leave Log'!$C$5:$C$304,"<="&E$5,'Leave Log'!$D$5:$D$304,">="&E$5,'Leave Log'!$F$5:$F$304,"<>Rejected",'Leave Log'!$B$5:$B$304,"AL")>0,"AL",IF(COUNTIFS('Leave Log'!$A$5:$A$304,$A11,'Leave Log'!$C$5:$C$304,"<="&E$5,'Leave Log'!$D$5:$D$304,">="&E$5,'Leave Log'!$F$5:$F$304,"<>Rejected",'Leave Log'!$B$5:$B$304,"SL")>0,"SL",IF(COUNTIFS('Leave Log'!$A$5:$A$304,$A11,'Leave Log'!$C$5:$C$304,"<="&E$5,'Leave Log'!$D$5:$D$304,">="&E$5,'Leave Log'!$F$5:$F$304,"<>Rejected",'Leave Log'!$B$5:$B$304,"CL")>0,"CL",IF(COUNTIFS('Leave Log'!$A$5:$A$304,$A11,'Leave Log'!$C$5:$C$304,"<="&E$5,'Leave Log'!$D$5:$D$304,">="&E$5,'Leave Log'!$F$5:$F$304,"<>Rejected",'Leave Log'!$B$5:$B$304,"UL")>0,"UL",IF(COUNTIFS('Leave Log'!$A$5:$A$304,$A11,'Leave Log'!$C$5:$C$304,"<="&E$5,'Leave Log'!$D$5:$D$304,">="&E$5,'Leave Log'!$F$5:$F$304,"<>Rejected",'Leave Log'!$B$5:$B$304,"OT")>0,"OT","")))))) | F11: =IF(OR(F$5="",$A11=""),"",IF(COUNTIFS('Leave Log'!$A$5:$A$304,$A11,'Leave Log'!$C$5:$C$304,"<="&F$5,'Leave Log'!$D$5:$D$304,">="&F$5,'Leave Log'!$F$5:$F$304,"<>Rejected",'Leave Log'!$B$5:$B$304,"AL")>0,"AL",IF(COUNTIFS('Leave Log'!$A$5:$A$304,$A11,'Leave Log'!$C$5:$C$304,"<="&F$5,'Leave Log'!$D$5:$D$304,">="&F$5,'Leave Log'!$F$5:$F$304,"<>Rejected",'Leave Log'!$B$5:$B$304,"SL")>0,"SL",IF(COUNTIFS('Leave Log'!$A$5:$A$304,$A11,'Leave Log'!$C$5:$C$304,"<="&F$5,'Leave Log'!$D$5:$D$304,">="&F$5,'Leave Log'!$F$5:$F$304,"<>Rejected",'Leave Log'!$B$5:$B$304,"CL")>0,"CL",IF(COUNTIFS('Leave Log'!$A$5:$A$304,$A11,'Leave Log'!$C$5:$C$304,"<="&F$5,'Leave Log'!$D$5:$D$304,">="&F$5,'Leave Log'!$F$5:$F$304,"<>Rejected",'Leave Log'!$B$5:$B$304,"UL")>0,"UL",IF(COUNTIFS('Leave Log'!$A$5:$A$304,$A11,'Leave Log'!$C$5:$C$304,"<="&F$5,'Leave Log'!$D$5:$D$304,">="&F$5,'Leave Log'!$F$5:$F$304,"<>Rejected",'Leave Log'!$B$5:$B$304,"OT")>0,"OT","")))))) | G11: =IF(OR(G$5="",$A11=""),"",IF(COUNTIFS('Leave Log'!$A$5:$A$304,$A11,'Leave Log'!$C$5:$C$304,"<="&G$5,'Leave Log'!$D$5:$D$304,">="&G$5,'Leave Log'!$F$5:$F$304,"<>Rejected",'Leave Log'!$B$5:$B$304,"AL")>0,"AL",IF(COUNTIFS('Leave Log'!$A$5:$A$304,$A11,'Leave Log'!$C$5:$C$304,"<="&G$5,'Leave Log'!$D$5:$D$304,">="&G$5,'Leave Log'!$F$5:$F$304,"<>Rejected",'Leave Log'!$B$5:$B$304,"SL")>0,"SL",IF(COUNTIFS('Leave Log'!$A$5:$A$304,$A11,'Leave Log'!$C$5:$C$304,"<="&G$5,'Leave Log'!$D$5:$D$304,">="&G$5,'Leave Log'!$F$5:$F$304,"<>Rejected",'Leave Log'!$B$5:$B$304,"CL")>0,"CL",IF(COUNTIFS('Leave Log'!$A$5:$A$304,$A11,'Leave Log'!$C$5:$C$304,"<="&G$5,'Leave Log'!$D$5:$D$304,">="&G$5,'Leave Log'!$F$5:$F$304,"<>Rejected",'Leave Log'!$B$5:$B$304,"UL")>0,"UL",IF(COUNTIFS('Leave Log'!$A$5:$A$304,$A11,'Leave Log'!$C$5:$C$304,"<="&G$5,'Leave Log'!$D$5:$D$304,">="&G$5,'Leave Log'!$F$5:$F$304,"<>Rejected",'Leave Log'!$B$5:$B$304,"OT")>0,"OT","")))))) | H11: =IF(OR(H$5="",$A11=""),"",IF(COUNTIFS('Leave Log'!$A$5:$A$304,$A11,'Leave Log'!$C$5:$C$304,"<="&H$5,'Leave Log'!$D$5:$D$304,">="&H$5,'Leave Log'!$F$5:$F$304,"<>Rejected",'Leave Log'!$B$5:$B$304,"AL")>0,"AL",IF(COUNTIFS('Leave Log'!$A$5:$A$304,$A11,'Leave Log'!$C$5:$C$304,"<="&H$5,'Leave Log'!$D$5:$D$304,">="&H$5,'Leave Log'!$F$5:$F$304,"<>Rejected",'Leave Log'!$B$5:$B$304,"SL")>0,"SL",IF(COUNTIFS('Leave Log'!$A$5:$A$304,$A11,'Leave Log'!$C$5:$C$304,"<="&H$5,'Leave Log'!$D$5:$D$304,">="&H$5,'Leave Log'!$F$5:$F$304,"<>Rejected",'Leave Log'!$B$5:$B$304,"CL")>0,"CL",IF(COUNTIFS('Leave Log'!$A$5:$A$304,$A11,'Leave Log'!$C$5:$C$304,"<="&H$5,'Leave Log'!$D$5:$D$304,">="&H$5,'Leave Log'!$F$5:$F$304,"<>Rejected",'Leave Log'!$B$5:$B$304,"UL")>0,"UL",IF(COUNTIFS('Leave Log'!$A$5:$A$304,$A11,'Leave Log'!$C$5:$C$304,"<="&H$5,'Leave Log'!$D$5:$D$304,">="&H$5,'Leave Log'!$F$5:$F$304,"<>Rejected",'Leave Log'!$B$5:$B$304,"OT")>0,"OT","")))))) | I11: =IF(OR(I$5="",$A11=""),"",IF(COUNTIFS('Leave Log'!$A$5:$A$304,$A11,'Leave Log'!$C$5:$C$304,"<="&I$5,'Leave Log'!$D$5:$D$304,">="&I$5,'Leave Log'!$F$5:$F$304,"<>Rejected",'Leave Log'!$B$5:$B$304,"AL")>0,"AL",IF(COUNTIFS('Leave Log'!$A$5:$A$304,$A11,'Leave Log'!$C$5:$C$304,"<="&I$5,'Leave Log'!$D$5:$D$304,">="&I$5,'Leave Log'!$F$5:$F$304,"<>Rejected",'Leave Log'!$B$5:$B$304,"SL")>0,"SL",IF(COUNTIFS('Leave Log'!$A$5:$A$304,$A11,'Leave Log'!$C$5:$C$304,"<="&I$5,'Leave Log'!$D$5:$D$304,">="&I$5,'Leave Log'!$F$5:$F$304,"<>Rejected",'Leave Log'!$B$5:$B$304,"CL")>0,"CL",IF(COUNTIFS('Leave Log'!$A$5:$A$304,$A11,'Leave Log'!$C$5:$C$304,"<="&I$5,'Leave Log'!$D$5:$D$304,">="&I$5,'Leave Log'!$F$5:$F$304,"<>Rejected",'Leave Log'!$B$5:$B$304,"UL")>0,"UL",IF(COUNTIFS('Leave Log'!$A$5:$A$304,$A11,'Leave Log'!$C$5:$C$304,"<="&I$5,'Leave Log'!$D$5:$D$304,">="&I$5,'Leave Log'!$F$5:$F$304,"<>Rejected",'Leave Log'!$B$5:$B$304,"OT")>0,"OT","")))))) | J11: =IF(OR(J$5="",$A11=""),"",IF(COUNTIFS('Leave Log'!$A$5:$A$304,$A11,'Leave Log'!$C$5:$C$304,"<="&J$5,'Leave Log'!$D$5:$D$304,">="&J$5,'Leave Log'!$F$5:$F$304,"<>Rejected",'Leave Log'!$B$5:$B$304,"AL")>0,"AL",IF(COUNTIFS('Leave Log'!$A$5:$A$304,$A11,'Leave Log'!$C$5:$C$304,"<="&J$5,'Leave Log'!$D$5:$D$304,">="&J$5,'Leave Log'!$F$5:$F$304,"<>Rejected",'Leave Log'!$B$5:$B$304,"SL")>0,"SL",IF(COUNTIFS('Leave Log'!$A$5:$A$304,$A11,'Leave Log'!$C$5:$C$304,"<="&J$5,'Leave Log'!$D$5:$D$304,">="&J$5,'Leave Log'!$F$5:$F$304,"<>Rejected",'Leave Log'!$B$5:$B$304,"CL")>0,"CL",IF(COUNTIFS('Leave Log'!$A$5:$A$304,$A11,'Leave Log'!$C$5:$C$304,"<="&J$5,'Leave Log'!$D$5:$D$304,">="&J$5,'Leave Log'!$F$5:$F$304,"<>Rejected",'Leave Log'!$B$5:$B$304,"UL")>0,"UL",IF(COUNTIFS('Leave Log'!$A$5:$A$304,$A11,'Leave Log'!$C$5:$C$304,"<="&J$5,'Leave Log'!$D$5:$D$304,">="&J$5,'Leave Log'!$F$5:$F$304,"<>Rejected",'Leave Log'!$B$5:$B$304,"OT")>0,"OT","")))))) | ... AG11: =IF(OR(AG$5="",$A11=""),"",IF(COUNTIFS('Leave Log'!$A$5:$A$304,$A11,'Leave Log'!$C$5:$C$304,"<="&AG$5,'Leave Log'!$D$5:$D$304,">="&AG$5,'Leave Log'!$F$5:$F$304,"<>Rejected",'Leave Log'!$B$5:$B$304,"AL")>0,"AL",IF(COUNTIFS('Leave Log'!$A$5:$A$304,$A11,'Leave Log'!$C$5:$C$304,"<="&AG$5,'Leave Log'!$D$5:$D$304,">="&AG$5,'Leave Log'!$F$5:$F$304,"<>Rejected",'Leave Log'!$B$5:$B$304,"SL")>0,"SL",IF(COUNTIFS('Leave Log'!$A$5:$A$304,$A11,'Leave Log'!$C$5:$C$304,"<="&AG$5,'Leave Log'!$D$5:$D$304,">="&AG$5,'Leave Log'!$F$5:$F$304,"<>Rejected",'Leave Log'!$B$5:$B$304,"CL")>0,"CL",IF(COUNTIFS('Leave Log'!$A$5:$A$304,$A11,'Leave Log'!$C$5:$C$304,"<="&AG$5,'Leave Log'!$D$5:$D$304,">="&AG$5,'Leave Log'!$F$5:$F$304,"<>Rejected",'Leave Log'!$B$5:$B$304,"UL")>0,"UL",IF(COUNTIFS('Leave Log'!$A$5:$A$304,$A11,'Leave Log'!$C$5:$C$304,"<="&AG$5,'Leave Log'!$D$5:$D$304,">="&AG$5,'Leave Log'!$F$5:$F$304,"<>Rejected",'Leave Log'!$B$5:$B$304,"OT")>0,"OT",""))))))
A12: =IF(Employees!B11="","",Employees!B11) -> Grace Lee | B12: =IF(Employees!B11="","",Employees!C11) -> IT | C12: =IF(OR(C$5="",$A12=""),"",IF(COUNTIFS('Leave Log'!$A$5:$A$304,$A12,'Leave Log'!$C$5:$C$304,"<="&C$5,'Leave Log'!$D$5:$D$304,">="&C$5,'Leave Log'!$F$5:$F$304,"<>Rejected",'Leave Log'!$B$5:$B$304,"AL")>0,"AL",IF(COUNTIFS('Leave Log'!$A$5:$A$304,$A12,'Leave Log'!$C$5:$C$304,"<="&C$5,'Leave Log'!$D$5:$D$304,">="&C$5,'Leave Log'!$F$5:$F$304,"<>Rejected",'Leave Log'!$B$5:$B$304,"SL")>0,"SL",IF(COUNTIFS('Leave Log'!$A$5:$A$304,$A12,'Leave Log'!$C$5:$C$304,"<="&C$5,'Leave Log'!$D$5:$D$304,">="&C$5,'Leave Log'!$F$5:$F$304,"<>Rejected",'Leave Log'!$B$5:$B$304,"CL")>0,"CL",IF(COUNTIFS('Leave Log'!$A$5:$A$304,$A12,'Leave Log'!$C$5:$C$304,"<="&C$5,'Leave Log'!$D$5:$D$304,">="&C$5,'Leave Log'!$F$5:$F$304,"<>Rejected",'Leave Log'!$B$5:$B$304,"UL")>0,"UL",IF(COUNTIFS('Leave Log'!$A$5:$A$304,$A12,'Leave Log'!$C$5:$C$304,"<="&C$5,'Leave Log'!$D$5:$D$304,">="&C$5,'Leave Log'!$F$5:$F$304,"<>Rejected",'Leave Log'!$B$5:$B$304,"OT")>0,"OT","")))))) | D12: =IF(OR(D$5="",$A12=""),"",IF(COUNTIFS('Leave Log'!$A$5:$A$304,$A12,'Leave Log'!$C$5:$C$304,"<="&D$5,'Leave Log'!$D$5:$D$304,">="&D$5,'Leave Log'!$F$5:$F$304,"<>Rejected",'Leave Log'!$B$5:$B$304,"AL")>0,"AL",IF(COUNTIFS('Leave Log'!$A$5:$A$304,$A12,'Leave Log'!$C$5:$C$304,"<="&D$5,'Leave Log'!$D$5:$D$304,">="&D$5,'Leave Log'!$F$5:$F$304,"<>Rejected",'Leave Log'!$B$5:$B$304,"SL")>0,"SL",IF(COUNTIFS('Leave Log'!$A$5:$A$304,$A12,'Leave Log'!$C$5:$C$304,"<="&D$5,'Leave Log'!$D$5:$D$304,">="&D$5,'Leave Log'!$F$5:$F$304,"<>Rejected",'Leave Log'!$B$5:$B$304,"CL")>0,"CL",IF(COUNTIFS('Leave Log'!$A$5:$A$304,$A12,'Leave Log'!$C$5:$C$304,"<="&D$5,'Leave Log'!$D$5:$D$304,">="&D$5,'Leave Log'!$F$5:$F$304,"<>Rejected",'Leave Log'!$B$5:$B$304,"UL")>0,"UL",IF(COUNTIFS('Leave Log'!$A$5:$A$304,$A12,'Leave Log'!$C$5:$C$304,"<="&D$5,'Leave Log'!$D$5:$D$304,">="&D$5,'Leave Log'!$F$5:$F$304,"<>Rejected",'Leave Log'!$B$5:$B$304,"OT")>0,"OT","")))))) | E12: =IF(OR(E$5="",$A12=""),"",IF(COUNTIFS('Leave Log'!$A$5:$A$304,$A12,'Leave Log'!$C$5:$C$304,"<="&E$5,'Leave Log'!$D$5:$D$304,">="&E$5,'Leave Log'!$F$5:$F$304,"<>Rejected",'Leave Log'!$B$5:$B$304,"AL")>0,"AL",IF(COUNTIFS('Leave Log'!$A$5:$A$304,$A12,'Leave Log'!$C$5:$C$304,"<="&E$5,'Leave Log'!$D$5:$D$304,">="&E$5,'Leave Log'!$F$5:$F$304,"<>Rejected",'Leave Log'!$B$5:$B$304,"SL")>0,"SL",IF(COUNTIFS('Leave Log'!$A$5:$A$304,$A12,'Leave Log'!$C$5:$C$304,"<="&E$5,'Leave Log'!$D$5:$D$304,">="&E$5,'Leave Log'!$F$5:$F$304,"<>Rejected",'Leave Log'!$B$5:$B$304,"CL")>0,"CL",IF(COUNTIFS('Leave Log'!$A$5:$A$304,$A12,'Leave Log'!$C$5:$C$304,"<="&E$5,'Leave Log'!$D$5:$D$304,">="&E$5,'Leave Log'!$F$5:$F$304,"<>Rejected",'Leave Log'!$B$5:$B$304,"UL")>0,"UL",IF(COUNTIFS('Leave Log'!$A$5:$A$304,$A12,'Leave Log'!$C$5:$C$304,"<="&E$5,'Leave Log'!$D$5:$D$304,">="&E$5,'Leave Log'!$F$5:$F$304,"<>Rejected",'Leave Log'!$B$5:$B$304,"OT")>0,"OT","")))))) | F12: =IF(OR(F$5="",$A12=""),"",IF(COUNTIFS('Leave Log'!$A$5:$A$304,$A12,'Leave Log'!$C$5:$C$304,"<="&F$5,'Leave Log'!$D$5:$D$304,">="&F$5,'Leave Log'!$F$5:$F$304,"<>Rejected",'Leave Log'!$B$5:$B$304,"AL")>0,"AL",IF(COUNTIFS('Leave Log'!$A$5:$A$304,$A12,'Leave Log'!$C$5:$C$304,"<="&F$5,'Leave Log'!$D$5:$D$304,">="&F$5,'Leave Log'!$F$5:$F$304,"<>Rejected",'Leave Log'!$B$5:$B$304,"SL")>0,"SL",IF(COUNTIFS('Leave Log'!$A$5:$A$304,$A12,'Leave Log'!$C$5:$C$304,"<="&F$5,'Leave Log'!$D$5:$D$304,">="&F$5,'Leave Log'!$F$5:$F$304,"<>Rejected",'Leave Log'!$B$5:$B$304,"CL")>0,"CL",IF(COUNTIFS('Leave Log'!$A$5:$A$304,$A12,'Leave Log'!$C$5:$C$304,"<="&F$5,'Leave Log'!$D$5:$D$304,">="&F$5,'Leave Log'!$F$5:$F$304,"<>Rejected",'Leave Log'!$B$5:$B$304,"UL")>0,"UL",IF(COUNTIFS('Leave Log'!$A$5:$A$304,$A12,'Leave Log'!$C$5:$C$304,"<="&F$5,'Leave Log'!$D$5:$D$304,">="&F$5,'Leave Log'!$F$5:$F$304,"<>Rejected",'Leave Log'!$B$5:$B$304,"OT")>0,"OT","")))))) | G12: =IF(OR(G$5="",$A12=""),"",IF(COUNTIFS('Leave Log'!$A$5:$A$304,$A12,'Leave Log'!$C$5:$C$304,"<="&G$5,'Leave Log'!$D$5:$D$304,">="&G$5,'Leave Log'!$F$5:$F$304,"<>Rejected",'Leave Log'!$B$5:$B$304,"AL")>0,"AL",IF(COUNTIFS('Leave Log'!$A$5:$A$304,$A12,'Leave Log'!$C$5:$C$304,"<="&G$5,'Leave Log'!$D$5:$D$304,">="&G$5,'Leave Log'!$F$5:$F$304,"<>Rejected",'Leave Log'!$B$5:$B$304,"SL")>0,"SL",IF(COUNTIFS('Leave Log'!$A$5:$A$304,$A12,'Leave Log'!$C$5:$C$304,"<="&G$5,'Leave Log'!$D$5:$D$304,">="&G$5,'Leave Log'!$F$5:$F$304,"<>Rejected",'Leave Log'!$B$5:$B$304,"CL")>0,"CL",IF(COUNTIFS('Leave Log'!$A$5:$A$304,$A12,'Leave Log'!$C$5:$C$304,"<="&G$5,'Leave Log'!$D$5:$D$304,">="&G$5,'Leave Log'!$F$5:$F$304,"<>Rejected",'Leave Log'!$B$5:$B$304,"UL")>0,"UL",IF(COUNTIFS('Leave Log'!$A$5:$A$304,$A12,'Leave Log'!$C$5:$C$304,"<="&G$5,'Leave Log'!$D$5:$D$304,">="&G$5,'Leave Log'!$F$5:$F$304,"<>Rejected",'Leave Log'!$B$5:$B$304,"OT")>0,"OT","")))))) | H12: =IF(OR(H$5="",$A12=""),"",IF(COUNTIFS('Leave Log'!$A$5:$A$304,$A12,'Leave Log'!$C$5:$C$304,"<="&H$5,'Leave Log'!$D$5:$D$304,">="&H$5,'Leave Log'!$F$5:$F$304,"<>Rejected",'Leave Log'!$B$5:$B$304,"AL")>0,"AL",IF(COUNTIFS('Leave Log'!$A$5:$A$304,$A12,'Leave Log'!$C$5:$C$304,"<="&H$5,'Leave Log'!$D$5:$D$304,">="&H$5,'Leave Log'!$F$5:$F$304,"<>Rejected",'Leave Log'!$B$5:$B$304,"SL")>0,"SL",IF(COUNTIFS('Leave Log'!$A$5:$A$304,$A12,'Leave Log'!$C$5:$C$304,"<="&H$5,'Leave Log'!$D$5:$D$304,">="&H$5,'Leave Log'!$F$5:$F$304,"<>Rejected",'Leave Log'!$B$5:$B$304,"CL")>0,"CL",IF(COUNTIFS('Leave Log'!$A$5:$A$304,$A12,'Leave Log'!$C$5:$C$304,"<="&H$5,'Leave Log'!$D$5:$D$304,">="&H$5,'Leave Log'!$F$5:$F$304,"<>Rejected",'Leave Log'!$B$5:$B$304,"UL")>0,"UL",IF(COUNTIFS('Leave Log'!$A$5:$A$304,$A12,'Leave Log'!$C$5:$C$304,"<="&H$5,'Leave Log'!$D$5:$D$304,">="&H$5,'Leave Log'!$F$5:$F$304,"<>Rejected",'Leave Log'!$B$5:$B$304,"OT")>0,"OT","")))))) | I12: =IF(OR(I$5="",$A12=""),"",IF(COUNTIFS('Leave Log'!$A$5:$A$304,$A12,'Leave Log'!$C$5:$C$304,"<="&I$5,'Leave Log'!$D$5:$D$304,">="&I$5,'Leave Log'!$F$5:$F$304,"<>Rejected",'Leave Log'!$B$5:$B$304,"AL")>0,"AL",IF(COUNTIFS('Leave Log'!$A$5:$A$304,$A12,'Leave Log'!$C$5:$C$304,"<="&I$5,'Leave Log'!$D$5:$D$304,">="&I$5,'Leave Log'!$F$5:$F$304,"<>Rejected",'Leave Log'!$B$5:$B$304,"SL")>0,"SL",IF(COUNTIFS('Leave Log'!$A$5:$A$304,$A12,'Leave Log'!$C$5:$C$304,"<="&I$5,'Leave Log'!$D$5:$D$304,">="&I$5,'Leave Log'!$F$5:$F$304,"<>Rejected",'Leave Log'!$B$5:$B$304,"CL")>0,"CL",IF(COUNTIFS('Leave Log'!$A$5:$A$304,$A12,'Leave Log'!$C$5:$C$304,"<="&I$5,'Leave Log'!$D$5:$D$304,">="&I$5,'Leave Log'!$F$5:$F$304,"<>Rejected",'Leave Log'!$B$5:$B$304,"UL")>0,"UL",IF(COUNTIFS('Leave Log'!$A$5:$A$304,$A12,'Leave Log'!$C$5:$C$304,"<="&I$5,'Leave Log'!$D$5:$D$304,">="&I$5,'Leave Log'!$F$5:$F$304,"<>Rejected",'Leave Log'!$B$5:$B$304,"OT")>0,"OT","")))))) | J12: =IF(OR(J$5="",$A12=""),"",IF(COUNTIFS('Leave Log'!$A$5:$A$304,$A12,'Leave Log'!$C$5:$C$304,"<="&J$5,'Leave Log'!$D$5:$D$304,">="&J$5,'Leave Log'!$F$5:$F$304,"<>Rejected",'Leave Log'!$B$5:$B$304,"AL")>0,"AL",IF(COUNTIFS('Leave Log'!$A$5:$A$304,$A12,'Leave Log'!$C$5:$C$304,"<="&J$5,'Leave Log'!$D$5:$D$304,">="&J$5,'Leave Log'!$F$5:$F$304,"<>Rejected",'Leave Log'!$B$5:$B$304,"SL")>0,"SL",IF(COUNTIFS('Leave Log'!$A$5:$A$304,$A12,'Leave Log'!$C$5:$C$304,"<="&J$5,'Leave Log'!$D$5:$D$304,">="&J$5,'Leave Log'!$F$5:$F$304,"<>Rejected",'Leave Log'!$B$5:$B$304,"CL")>0,"CL",IF(COUNTIFS('Leave Log'!$A$5:$A$304,$A12,'Leave Log'!$C$5:$C$304,"<="&J$5,'Leave Log'!$D$5:$D$304,">="&J$5,'Leave Log'!$F$5:$F$304,"<>Rejected",'Leave Log'!$B$5:$B$304,"UL")>0,"UL",IF(COUNTIFS('Leave Log'!$A$5:$A$304,$A12,'Leave Log'!$C$5:$C$304,"<="&J$5,'Leave Log'!$D$5:$D$304,">="&J$5,'Leave Log'!$F$5:$F$304,"<>Rejected",'Leave Log'!$B$5:$B$304,"OT")>0,"OT","")))))) | ... AG12: =IF(OR(AG$5="",$A12=""),"",IF(COUNTIFS('Leave Log'!$A$5:$A$304,$A12,'Leave Log'!$C$5:$C$304,"<="&AG$5,'Leave Log'!$D$5:$D$304,">="&AG$5,'Leave Log'!$F$5:$F$304,"<>Rejected",'Leave Log'!$B$5:$B$304,"AL")>0,"AL",IF(COUNTIFS('Leave Log'!$A$5:$A$304,$A12,'Leave Log'!$C$5:$C$304,"<="&AG$5,'Leave Log'!$D$5:$D$304,">="&AG$5,'Leave Log'!$F$5:$F$304,"<>Rejected",'Leave Log'!$B$5:$B$304,"SL")>0,"SL",IF(COUNTIFS('Leave Log'!$A$5:$A$304,$A12,'Leave Log'!$C$5:$C$304,"<="&AG$5,'Leave Log'!$D$5:$D$304,">="&AG$5,'Leave Log'!$F$5:$F$304,"<>Rejected",'Leave Log'!$B$5:$B$304,"CL")>0,"CL",IF(COUNTIFS('Leave Log'!$A$5:$A$304,$A12,'Leave Log'!$C$5:$C$304,"<="&AG$5,'Leave Log'!$D$5:$D$304,">="&AG$5,'Leave Log'!$F$5:$F$304,"<>Rejected",'Leave Log'!$B$5:$B$304,"UL")>0,"UL",IF(COUNTIFS('Leave Log'!$A$5:$A$304,$A12,'Leave Log'!$C$5:$C$304,"<="&AG$5,'Leave Log'!$D$5:$D$304,">="&AG$5,'Leave Log'!$F$5:$F$304,"<>Rejected",'Leave Log'!$B$5:$B$304,"OT")>0,"OT",""))))))
A13: =IF(Employees!B12="","",Employees!B12) -> Hassan Ali | B13: =IF(Employees!B12="","",Employees!C12) -> Sales | C13: =IF(OR(C$5="",$A13=""),"",IF(COUNTIFS('Leave Log'!$A$5:$A$304,$A13,'Leave Log'!$C$5:$C$304,"<="&C$5,'Leave Log'!$D$5:$D$304,">="&C$5,'Leave Log'!$F$5:$F$304,"<>Rejected",'Leave Log'!$B$5:$B$304,"AL")>0,"AL",IF(COUNTIFS('Leave Log'!$A$5:$A$304,$A13,'Leave Log'!$C$5:$C$304,"<="&C$5,'Leave Log'!$D$5:$D$304,">="&C$5,'Leave Log'!$F$5:$F$304,"<>Rejected",'Leave Log'!$B$5:$B$304,"SL")>0,"SL",IF(COUNTIFS('Leave Log'!$A$5:$A$304,$A13,'Leave Log'!$C$5:$C$304,"<="&C$5,'Leave Log'!$D$5:$D$304,">="&C$5,'Leave Log'!$F$5:$F$304,"<>Rejected",'Leave Log'!$B$5:$B$304,"CL")>0,"CL",IF(COUNTIFS('Leave Log'!$A$5:$A$304,$A13,'Leave Log'!$C$5:$C$304,"<="&C$5,'Leave Log'!$D$5:$D$304,">="&C$5,'Leave Log'!$F$5:$F$304,"<>Rejected",'Leave Log'!$B$5:$B$304,"UL")>0,"UL",IF(COUNTIFS('Leave Log'!$A$5:$A$304,$A13,'Leave Log'!$C$5:$C$304,"<="&C$5,'Leave Log'!$D$5:$D$304,">="&C$5,'Leave Log'!$F$5:$F$304,"<>Rejected",'Leave Log'!$B$5:$B$304,"OT")>0,"OT","")))))) | D13: =IF(OR(D$5="",$A13=""),"",IF(COUNTIFS('Leave Log'!$A$5:$A$304,$A13,'Leave Log'!$C$5:$C$304,"<="&D$5,'Leave Log'!$D$5:$D$304,">="&D$5,'Leave Log'!$F$5:$F$304,"<>Rejected",'Leave Log'!$B$5:$B$304,"AL")>0,"AL",IF(COUNTIFS('Leave Log'!$A$5:$A$304,$A13,'Leave Log'!$C$5:$C$304,"<="&D$5,'Leave Log'!$D$5:$D$304,">="&D$5,'Leave Log'!$F$5:$F$304,"<>Rejected",'Leave Log'!$B$5:$B$304,"SL")>0,"SL",IF(COUNTIFS('Leave Log'!$A$5:$A$304,$A13,'Leave Log'!$C$5:$C$304,"<="&D$5,'Leave Log'!$D$5:$D$304,">="&D$5,'Leave Log'!$F$5:$F$304,"<>Rejected",'Leave Log'!$B$5:$B$304,"CL")>0,"CL",IF(COUNTIFS('Leave Log'!$A$5:$A$304,$A13,'Leave Log'!$C$5:$C$304,"<="&D$5,'Leave Log'!$D$5:$D$304,">="&D$5,'Leave Log'!$F$5:$F$304,"<>Rejected",'Leave Log'!$B$5:$B$304,"UL")>0,"UL",IF(COUNTIFS('Leave Log'!$A$5:$A$304,$A13,'Leave Log'!$C$5:$C$304,"<="&D$5,'Leave Log'!$D$5:$D$304,">="&D$5,'Leave Log'!$F$5:$F$304,"<>Rejected",'Leave Log'!$B$5:$B$304,"OT")>0,"OT","")))))) | E13: =IF(OR(E$5="",$A13=""),"",IF(COUNTIFS('Leave Log'!$A$5:$A$304,$A13,'Leave Log'!$C$5:$C$304,"<="&E$5,'Leave Log'!$D$5:$D$304,">="&E$5,'Leave Log'!$F$5:$F$304,"<>Rejected",'Leave Log'!$B$5:$B$304,"AL")>0,"AL",IF(COUNTIFS('Leave Log'!$A$5:$A$304,$A13,'Leave Log'!$C$5:$C$304,"<="&E$5,'Leave Log'!$D$5:$D$304,">="&E$5,'Leave Log'!$F$5:$F$304,"<>Rejected",'Leave Log'!$B$5:$B$304,"SL")>0,"SL",IF(COUNTIFS('Leave Log'!$A$5:$A$304,$A13,'Leave Log'!$C$5:$C$304,"<="&E$5,'Leave Log'!$D$5:$D$304,">="&E$5,'Leave Log'!$F$5:$F$304,"<>Rejected",'Leave Log'!$B$5:$B$304,"CL")>0,"CL",IF(COUNTIFS('Leave Log'!$A$5:$A$304,$A13,'Leave Log'!$C$5:$C$304,"<="&E$5,'Leave Log'!$D$5:$D$304,">="&E$5,'Leave Log'!$F$5:$F$304,"<>Rejected",'Leave Log'!$B$5:$B$304,"UL")>0,"UL",IF(COUNTIFS('Leave Log'!$A$5:$A$304,$A13,'Leave Log'!$C$5:$C$304,"<="&E$5,'Leave Log'!$D$5:$D$304,">="&E$5,'Leave Log'!$F$5:$F$304,"<>Rejected",'Leave Log'!$B$5:$B$304,"OT")>0,"OT","")))))) | F13: =IF(OR(F$5="",$A13=""),"",IF(COUNTIFS('Leave Log'!$A$5:$A$304,$A13,'Leave Log'!$C$5:$C$304,"<="&F$5,'Leave Log'!$D$5:$D$304,">="&F$5,'Leave Log'!$F$5:$F$304,"<>Rejected",'Leave Log'!$B$5:$B$304,"AL")>0,"AL",IF(COUNTIFS('Leave Log'!$A$5:$A$304,$A13,'Leave Log'!$C$5:$C$304,"<="&F$5,'Leave Log'!$D$5:$D$304,">="&F$5,'Leave Log'!$F$5:$F$304,"<>Rejected",'Leave Log'!$B$5:$B$304,"SL")>0,"SL",IF(COUNTIFS('Leave Log'!$A$5:$A$304,$A13,'Leave Log'!$C$5:$C$304,"<="&F$5,'Leave Log'!$D$5:$D$304,">="&F$5,'Leave Log'!$F$5:$F$304,"<>Rejected",'Leave Log'!$B$5:$B$304,"CL")>0,"CL",IF(COUNTIFS('Leave Log'!$A$5:$A$304,$A13,'Leave Log'!$C$5:$C$304,"<="&F$5,'Leave Log'!$D$5:$D$304,">="&F$5,'Leave Log'!$F$5:$F$304,"<>Rejected",'Leave Log'!$B$5:$B$304,"UL")>0,"UL",IF(COUNTIFS('Leave Log'!$A$5:$A$304,$A13,'Leave Log'!$C$5:$C$304,"<="&F$5,'Leave Log'!$D$5:$D$304,">="&F$5,'Leave Log'!$F$5:$F$304,"<>Rejected",'Leave Log'!$B$5:$B$304,"OT")>0,"OT","")))))) | G13: =IF(OR(G$5="",$A13=""),"",IF(COUNTIFS('Leave Log'!$A$5:$A$304,$A13,'Leave Log'!$C$5:$C$304,"<="&G$5,'Leave Log'!$D$5:$D$304,">="&G$5,'Leave Log'!$F$5:$F$304,"<>Rejected",'Leave Log'!$B$5:$B$304,"AL")>0,"AL",IF(COUNTIFS('Leave Log'!$A$5:$A$304,$A13,'Leave Log'!$C$5:$C$304,"<="&G$5,'Leave Log'!$D$5:$D$304,">="&G$5,'Leave Log'!$F$5:$F$304,"<>Rejected",'Leave Log'!$B$5:$B$304,"SL")>0,"SL",IF(COUNTIFS('Leave Log'!$A$5:$A$304,$A13,'Leave Log'!$C$5:$C$304,"<="&G$5,'Leave Log'!$D$5:$D$304,">="&G$5,'Leave Log'!$F$5:$F$304,"<>Rejected",'Leave Log'!$B$5:$B$304,"CL")>0,"CL",IF(COUNTIFS('Leave Log'!$A$5:$A$304,$A13,'Leave Log'!$C$5:$C$304,"<="&G$5,'Leave Log'!$D$5:$D$304,">="&G$5,'Leave Log'!$F$5:$F$304,"<>Rejected",'Leave Log'!$B$5:$B$304,"UL")>0,"UL",IF(COUNTIFS('Leave Log'!$A$5:$A$304,$A13,'Leave Log'!$C$5:$C$304,"<="&G$5,'Leave Log'!$D$5:$D$304,">="&G$5,'Leave Log'!$F$5:$F$304,"<>Rejected",'Leave Log'!$B$5:$B$304,"OT")>0,"OT","")))))) | H13: =IF(OR(H$5="",$A13=""),"",IF(COUNTIFS('Leave Log'!$A$5:$A$304,$A13,'Leave Log'!$C$5:$C$304,"<="&H$5,'Leave Log'!$D$5:$D$304,">="&H$5,'Leave Log'!$F$5:$F$304,"<>Rejected",'Leave Log'!$B$5:$B$304,"AL")>0,"AL",IF(COUNTIFS('Leave Log'!$A$5:$A$304,$A13,'Leave Log'!$C$5:$C$304,"<="&H$5,'Leave Log'!$D$5:$D$304,">="&H$5,'Leave Log'!$F$5:$F$304,"<>Rejected",'Leave Log'!$B$5:$B$304,"SL")>0,"SL",IF(COUNTIFS('Leave Log'!$A$5:$A$304,$A13,'Leave Log'!$C$5:$C$304,"<="&H$5,'Leave Log'!$D$5:$D$304,">="&H$5,'Leave Log'!$F$5:$F$304,"<>Rejected",'Leave Log'!$B$5:$B$304,"CL")>0,"CL",IF(COUNTIFS('Leave Log'!$A$5:$A$304,$A13,'Leave Log'!$C$5:$C$304,"<="&H$5,'Leave Log'!$D$5:$D$304,">="&H$5,'Leave Log'!$F$5:$F$304,"<>Rejected",'Leave Log'!$B$5:$B$304,"UL")>0,"UL",IF(COUNTIFS('Leave Log'!$A$5:$A$304,$A13,'Leave Log'!$C$5:$C$304,"<="&H$5,'Leave Log'!$D$5:$D$304,">="&H$5,'Leave Log'!$F$5:$F$304,"<>Rejected",'Leave Log'!$B$5:$B$304,"OT")>0,"OT","")))))) | I13: =IF(OR(I$5="",$A13=""),"",IF(COUNTIFS('Leave Log'!$A$5:$A$304,$A13,'Leave Log'!$C$5:$C$304,"<="&I$5,'Leave Log'!$D$5:$D$304,">="&I$5,'Leave Log'!$F$5:$F$304,"<>Rejected",'Leave Log'!$B$5:$B$304,"AL")>0,"AL",IF(COUNTIFS('Leave Log'!$A$5:$A$304,$A13,'Leave Log'!$C$5:$C$304,"<="&I$5,'Leave Log'!$D$5:$D$304,">="&I$5,'Leave Log'!$F$5:$F$304,"<>Rejected",'Leave Log'!$B$5:$B$304,"SL")>0,"SL",IF(COUNTIFS('Leave Log'!$A$5:$A$304,$A13,'Leave Log'!$C$5:$C$304,"<="&I$5,'Leave Log'!$D$5:$D$304,">="&I$5,'Leave Log'!$F$5:$F$304,"<>Rejected",'Leave Log'!$B$5:$B$304,"CL")>0,"CL",IF(COUNTIFS('Leave Log'!$A$5:$A$304,$A13,'Leave Log'!$C$5:$C$304,"<="&I$5,'Leave Log'!$D$5:$D$304,">="&I$5,'Leave Log'!$F$5:$F$304,"<>Rejected",'Leave Log'!$B$5:$B$304,"UL")>0,"UL",IF(COUNTIFS('Leave Log'!$A$5:$A$304,$A13,'Leave Log'!$C$5:$C$304,"<="&I$5,'Leave Log'!$D$5:$D$304,">="&I$5,'Leave Log'!$F$5:$F$304,"<>Rejected",'Leave Log'!$B$5:$B$304,"OT")>0,"OT","")))))) | J13: =IF(OR(J$5="",$A13=""),"",IF(COUNTIFS('Leave Log'!$A$5:$A$304,$A13,'Leave Log'!$C$5:$C$304,"<="&J$5,'Leave Log'!$D$5:$D$304,">="&J$5,'Leave Log'!$F$5:$F$304,"<>Rejected",'Leave Log'!$B$5:$B$304,"AL")>0,"AL",IF(COUNTIFS('Leave Log'!$A$5:$A$304,$A13,'Leave Log'!$C$5:$C$304,"<="&J$5,'Leave Log'!$D$5:$D$304,">="&J$5,'Leave Log'!$F$5:$F$304,"<>Rejected",'Leave Log'!$B$5:$B$304,"SL")>0,"SL",IF(COUNTIFS('Leave Log'!$A$5:$A$304,$A13,'Leave Log'!$C$5:$C$304,"<="&J$5,'Leave Log'!$D$5:$D$304,">="&J$5,'Leave Log'!$F$5:$F$304,"<>Rejected",'Leave Log'!$B$5:$B$304,"CL")>0,"CL",IF(COUNTIFS('Leave Log'!$A$5:$A$304,$A13,'Leave Log'!$C$5:$C$304,"<="&J$5,'Leave Log'!$D$5:$D$304,">="&J$5,'Leave Log'!$F$5:$F$304,"<>Rejected",'Leave Log'!$B$5:$B$304,"UL")>0,"UL",IF(COUNTIFS('Leave Log'!$A$5:$A$304,$A13,'Leave Log'!$C$5:$C$304,"<="&J$5,'Leave Log'!$D$5:$D$304,">="&J$5,'Leave Log'!$F$5:$F$304,"<>Rejected",'Leave Log'!$B$5:$B$304,"OT")>0,"OT","")))))) | ... AG13: =IF(OR(AG$5="",$A13=""),"",IF(COUNTIFS('Leave Log'!$A$5:$A$304,$A13,'Leave Log'!$C$5:$C$304,"<="&AG$5,'Leave Log'!$D$5:$D$304,">="&AG$5,'Leave Log'!$F$5:$F$304,"<>Rejected",'Leave Log'!$B$5:$B$304,"AL")>0,"AL",IF(COUNTIFS('Leave Log'!$A$5:$A$304,$A13,'Leave Log'!$C$5:$C$304,"<="&AG$5,'Leave Log'!$D$5:$D$304,">="&AG$5,'Leave Log'!$F$5:$F$304,"<>Rejected",'Leave Log'!$B$5:$B$304,"SL")>0,"SL",IF(COUNTIFS('Leave Log'!$A$5:$A$304,$A13,'Leave Log'!$C$5:$C$304,"<="&AG$5,'Leave Log'!$D$5:$D$304,">="&AG$5,'Leave Log'!$F$5:$F$304,"<>Rejected",'Leave Log'!$B$5:$B$304,"CL")>0,"CL",IF(COUNTIFS('Leave Log'!$A$5:$A$304,$A13,'Leave Log'!$C$5:$C$304,"<="&AG$5,'Leave Log'!$D$5:$D$304,">="&AG$5,'Leave Log'!$F$5:$F$304,"<>Rejected",'Leave Log'!$B$5:$B$304,"UL")>0,"UL",IF(COUNTIFS('Leave Log'!$A$5:$A$304,$A13,'Leave Log'!$C$5:$C$304,"<="&AG$5,'Leave Log'!$D$5:$D$304,">="&AG$5,'Leave Log'!$F$5:$F$304,"<>Rejected",'Leave Log'!$B$5:$B$304,"OT")>0,"OT",""))))))
A14: =IF(Employees!B13="","",Employees!B13) | B14: =IF(Employees!B13="","",Employees!C13) | C14: =IF(OR(C$5="",$A14=""),"",IF(COUNTIFS('Leave Log'!$A$5:$A$304,$A14,'Leave Log'!$C$5:$C$304,"<="&C$5,'Leave Log'!$D$5:$D$304,">="&C$5,'Leave Log'!$F$5:$F$304,"<>Rejected",'Leave Log'!$B$5:$B$304,"AL")>0,"AL",IF(COUNTIFS('Leave Log'!$A$5:$A$304,$A14,'Leave Log'!$C$5:$C$304,"<="&C$5,'Leave Log'!$D$5:$D$304,">="&C$5,'Leave Log'!$F$5:$F$304,"<>Rejected",'Leave Log'!$B$5:$B$304,"SL")>0,"SL",IF(COUNTIFS('Leave Log'!$A$5:$A$304,$A14,'Leave Log'!$C$5:$C$304,"<="&C$5,'Leave Log'!$D$5:$D$304,">="&C$5,'Leave Log'!$F$5:$F$304,"<>Rejected",'Leave Log'!$B$5:$B$304,"CL")>0,"CL",IF(COUNTIFS('Leave Log'!$A$5:$A$304,$A14,'Leave Log'!$C$5:$C$304,"<="&C$5,'Leave Log'!$D$5:$D$304,">="&C$5,'Leave Log'!$F$5:$F$304,"<>Rejected",'Leave Log'!$B$5:$B$304,"UL")>0,"UL",IF(COUNTIFS('Leave Log'!$A$5:$A$304,$A14,'Leave Log'!$C$5:$C$304,"<="&C$5,'Leave Log'!$D$5:$D$304,">="&C$5,'Leave Log'!$F$5:$F$304,"<>Rejected",'Leave Log'!$B$5:$B$304,"OT")>0,"OT","")))))) | D14: =IF(OR(D$5="",$A14=""),"",IF(COUNTIFS('Leave Log'!$A$5:$A$304,$A14,'Leave Log'!$C$5:$C$304,"<="&D$5,'Leave Log'!$D$5:$D$304,">="&D$5,'Leave Log'!$F$5:$F$304,"<>Rejected",'Leave Log'!$B$5:$B$304,"AL")>0,"AL",IF(COUNTIFS('Leave Log'!$A$5:$A$304,$A14,'Leave Log'!$C$5:$C$304,"<="&D$5,'Leave Log'!$D$5:$D$304,">="&D$5,'Leave Log'!$F$5:$F$304,"<>Rejected",'Leave Log'!$B$5:$B$304,"SL")>0,"SL",IF(COUNTIFS('Leave Log'!$A$5:$A$304,$A14,'Leave Log'!$C$5:$C$304,"<="&D$5,'Leave Log'!$D$5:$D$304,">="&D$5,'Leave Log'!$F$5:$F$304,"<>Rejected",'Leave Log'!$B$5:$B$304,"CL")>0,"CL",IF(COUNTIFS('Leave Log'!$A$5:$A$304,$A14,'Leave Log'!$C$5:$C$304,"<="&D$5,'Leave Log'!$D$5:$D$304,">="&D$5,'Leave Log'!$F$5:$F$304,"<>Rejected",'Leave Log'!$B$5:$B$304,"UL")>0,"UL",IF(COUNTIFS('Leave Log'!$A$5:$A$304,$A14,'Leave Log'!$C$5:$C$304,"<="&D$5,'Leave Log'!$D$5:$D$304,">="&D$5,'Leave Log'!$F$5:$F$304,"<>Rejected",'Leave Log'!$B$5:$B$304,"OT")>0,"OT","")))))) | E14: =IF(OR(E$5="",$A14=""),"",IF(COUNTIFS('Leave Log'!$A$5:$A$304,$A14,'Leave Log'!$C$5:$C$304,"<="&E$5,'Leave Log'!$D$5:$D$304,">="&E$5,'Leave Log'!$F$5:$F$304,"<>Rejected",'Leave Log'!$B$5:$B$304,"AL")>0,"AL",IF(COUNTIFS('Leave Log'!$A$5:$A$304,$A14,'Leave Log'!$C$5:$C$304,"<="&E$5,'Leave Log'!$D$5:$D$304,">="&E$5,'Leave Log'!$F$5:$F$304,"<>Rejected",'Leave Log'!$B$5:$B$304,"SL")>0,"SL",IF(COUNTIFS('Leave Log'!$A$5:$A$304,$A14,'Leave Log'!$C$5:$C$304,"<="&E$5,'Leave Log'!$D$5:$D$304,">="&E$5,'Leave Log'!$F$5:$F$304,"<>Rejected",'Leave Log'!$B$5:$B$304,"CL")>0,"CL",IF(COUNTIFS('Leave Log'!$A$5:$A$304,$A14,'Leave Log'!$C$5:$C$304,"<="&E$5,'Leave Log'!$D$5:$D$304,">="&E$5,'Leave Log'!$F$5:$F$304,"<>Rejected",'Leave Log'!$B$5:$B$304,"UL")>0,"UL",IF(COUNTIFS('Leave Log'!$A$5:$A$304,$A14,'Leave Log'!$C$5:$C$304,"<="&E$5,'Leave Log'!$D$5:$D$304,">="&E$5,'Leave Log'!$F$5:$F$304,"<>Rejected",'Leave Log'!$B$5:$B$304,"OT")>0,"OT","")))))) | F14: =IF(OR(F$5="",$A14=""),"",IF(COUNTIFS('Leave Log'!$A$5:$A$304,$A14,'Leave Log'!$C$5:$C$304,"<="&F$5,'Leave Log'!$D$5:$D$304,">="&F$5,'Leave Log'!$F$5:$F$304,"<>Rejected",'Leave Log'!$B$5:$B$304,"AL")>0,"AL",IF(COUNTIFS('Leave Log'!$A$5:$A$304,$A14,'Leave Log'!$C$5:$C$304,"<="&F$5,'Leave Log'!$D$5:$D$304,">="&F$5,'Leave Log'!$F$5:$F$304,"<>Rejected",'Leave Log'!$B$5:$B$304,"SL")>0,"SL",IF(COUNTIFS('Leave Log'!$A$5:$A$304,$A14,'Leave Log'!$C$5:$C$304,"<="&F$5,'Leave Log'!$D$5:$D$304,">="&F$5,'Leave Log'!$F$5:$F$304,"<>Rejected",'Leave Log'!$B$5:$B$304,"CL")>0,"CL",IF(COUNTIFS('Leave Log'!$A$5:$A$304,$A14,'Leave Log'!$C$5:$C$304,"<="&F$5,'Leave Log'!$D$5:$D$304,">="&F$5,'Leave Log'!$F$5:$F$304,"<>Rejected",'Leave Log'!$B$5:$B$304,"UL")>0,"UL",IF(COUNTIFS('Leave Log'!$A$5:$A$304,$A14,'Leave Log'!$C$5:$C$304,"<="&F$5,'Leave Log'!$D$5:$D$304,">="&F$5,'Leave Log'!$F$5:$F$304,"<>Rejected",'Leave Log'!$B$5:$B$304,"OT")>0,"OT","")))))) | G14: =IF(OR(G$5="",$A14=""),"",IF(COUNTIFS('Leave Log'!$A$5:$A$304,$A14,'Leave Log'!$C$5:$C$304,"<="&G$5,'Leave Log'!$D$5:$D$304,">="&G$5,'Leave Log'!$F$5:$F$304,"<>Rejected",'Leave Log'!$B$5:$B$304,"AL")>0,"AL",IF(COUNTIFS('Leave Log'!$A$5:$A$304,$A14,'Leave Log'!$C$5:$C$304,"<="&G$5,'Leave Log'!$D$5:$D$304,">="&G$5,'Leave Log'!$F$5:$F$304,"<>Rejected",'Leave Log'!$B$5:$B$304,"SL")>0,"SL",IF(COUNTIFS('Leave Log'!$A$5:$A$304,$A14,'Leave Log'!$C$5:$C$304,"<="&G$5,'Leave Log'!$D$5:$D$304,">="&G$5,'Leave Log'!$F$5:$F$304,"<>Rejected",'Leave Log'!$B$5:$B$304,"CL")>0,"CL",IF(COUNTIFS('Leave Log'!$A$5:$A$304,$A14,'Leave Log'!$C$5:$C$304,"<="&G$5,'Leave Log'!$D$5:$D$304,">="&G$5,'Leave Log'!$F$5:$F$304,"<>Rejected",'Leave Log'!$B$5:$B$304,"UL")>0,"UL",IF(COUNTIFS('Leave Log'!$A$5:$A$304,$A14,'Leave Log'!$C$5:$C$304,"<="&G$5,'Leave Log'!$D$5:$D$304,">="&G$5,'Leave Log'!$F$5:$F$304,"<>Rejected",'Leave Log'!$B$5:$B$304,"OT")>0,"OT","")))))) | H14: =IF(OR(H$5="",$A14=""),"",IF(COUNTIFS('Leave Log'!$A$5:$A$304,$A14,'Leave Log'!$C$5:$C$304,"<="&H$5,'Leave Log'!$D$5:$D$304,">="&H$5,'Leave Log'!$F$5:$F$304,"<>Rejected",'Leave Log'!$B$5:$B$304,"AL")>0,"AL",IF(COUNTIFS('Leave Log'!$A$5:$A$304,$A14,'Leave Log'!$C$5:$C$304,"<="&H$5,'Leave Log'!$D$5:$D$304,">="&H$5,'Leave Log'!$F$5:$F$304,"<>Rejected",'Leave Log'!$B$5:$B$304,"SL")>0,"SL",IF(COUNTIFS('Leave Log'!$A$5:$A$304,$A14,'Leave Log'!$C$5:$C$304,"<="&H$5,'Leave Log'!$D$5:$D$304,">="&H$5,'Leave Log'!$F$5:$F$304,"<>Rejected",'Leave Log'!$B$5:$B$304,"CL")>0,"CL",IF(COUNTIFS('Leave Log'!$A$5:$A$304,$A14,'Leave Log'!$C$5:$C$304,"<="&H$5,'Leave Log'!$D$5:$D$304,">="&H$5,'Leave Log'!$F$5:$F$304,"<>Rejected",'Leave Log'!$B$5:$B$304,"UL")>0,"UL",IF(COUNTIFS('Leave Log'!$A$5:$A$304,$A14,'Leave Log'!$C$5:$C$304,"<="&H$5,'Leave Log'!$D$5:$D$304,">="&H$5,'Leave Log'!$F$5:$F$304,"<>Rejected",'Leave Log'!$B$5:$B$304,"OT")>0,"OT","")))))) | I14: =IF(OR(I$5="",$A14=""),"",IF(COUNTIFS('Leave Log'!$A$5:$A$304,$A14,'Leave Log'!$C$5:$C$304,"<="&I$5,'Leave Log'!$D$5:$D$304,">="&I$5,'Leave Log'!$F$5:$F$304,"<>Rejected",'Leave Log'!$B$5:$B$304,"AL")>0,"AL",IF(COUNTIFS('Leave Log'!$A$5:$A$304,$A14,'Leave Log'!$C$5:$C$304,"<="&I$5,'Leave Log'!$D$5:$D$304,">="&I$5,'Leave Log'!$F$5:$F$304,"<>Rejected",'Leave Log'!$B$5:$B$304,"SL")>0,"SL",IF(COUNTIFS('Leave Log'!$A$5:$A$304,$A14,'Leave Log'!$C$5:$C$304,"<="&I$5,'Leave Log'!$D$5:$D$304,">="&I$5,'Leave Log'!$F$5:$F$304,"<>Rejected",'Leave Log'!$B$5:$B$304,"CL")>0,"CL",IF(COUNTIFS('Leave Log'!$A$5:$A$304,$A14,'Leave Log'!$C$5:$C$304,"<="&I$5,'Leave Log'!$D$5:$D$304,">="&I$5,'Leave Log'!$F$5:$F$304,"<>Rejected",'Leave Log'!$B$5:$B$304,"UL")>0,"UL",IF(COUNTIFS('Leave Log'!$A$5:$A$304,$A14,'Leave Log'!$C$5:$C$304,"<="&I$5,'Leave Log'!$D$5:$D$304,">="&I$5,'Leave Log'!$F$5:$F$304,"<>Rejected",'Leave Log'!$B$5:$B$304,"OT")>0,"OT","")))))) | J14: =IF(OR(J$5="",$A14=""),"",IF(COUNTIFS('Leave Log'!$A$5:$A$304,$A14,'Leave Log'!$C$5:$C$304,"<="&J$5,'Leave Log'!$D$5:$D$304,">="&J$5,'Leave Log'!$F$5:$F$304,"<>Rejected",'Leave Log'!$B$5:$B$304,"AL")>0,"AL",IF(COUNTIFS('Leave Log'!$A$5:$A$304,$A14,'Leave Log'!$C$5:$C$304,"<="&J$5,'Leave Log'!$D$5:$D$304,">="&J$5,'Leave Log'!$F$5:$F$304,"<>Rejected",'Leave Log'!$B$5:$B$304,"SL")>0,"SL",IF(COUNTIFS('Leave Log'!$A$5:$A$304,$A14,'Leave Log'!$C$5:$C$304,"<="&J$5,'Leave Log'!$D$5:$D$304,">="&J$5,'Leave Log'!$F$5:$F$304,"<>Rejected",'Leave Log'!$B$5:$B$304,"CL")>0,"CL",IF(COUNTIFS('Leave Log'!$A$5:$A$304,$A14,'Leave Log'!$C$5:$C$304,"<="&J$5,'Leave Log'!$D$5:$D$304,">="&J$5,'Leave Log'!$F$5:$F$304,"<>Rejected",'Leave Log'!$B$5:$B$304,"UL")>0,"UL",IF(COUNTIFS('Leave Log'!$A$5:$A$304,$A14,'Leave Log'!$C$5:$C$304,"<="&J$5,'Leave Log'!$D$5:$D$304,">="&J$5,'Leave Log'!$F$5:$F$304,"<>Rejected",'Leave Log'!$B$5:$B$304,"OT")>0,"OT","")))))) | ... AG14: =IF(OR(AG$5="",$A14=""),"",IF(COUNTIFS('Leave Log'!$A$5:$A$304,$A14,'Leave Log'!$C$5:$C$304,"<="&AG$5,'Leave Log'!$D$5:$D$304,">="&AG$5,'Leave Log'!$F$5:$F$304,"<>Rejected",'Leave Log'!$B$5:$B$304,"AL")>0,"AL",IF(COUNTIFS('Leave Log'!$A$5:$A$304,$A14,'Leave Log'!$C$5:$C$304,"<="&AG$5,'Leave Log'!$D$5:$D$304,">="&AG$5,'Leave Log'!$F$5:$F$304,"<>Rejected",'Leave Log'!$B$5:$B$304,"SL")>0,"SL",IF(COUNTIFS('Leave Log'!$A$5:$A$304,$A14,'Leave Log'!$C$5:$C$304,"<="&AG$5,'Leave Log'!$D$5:$D$304,">="&AG$5,'Leave Log'!$F$5:$F$304,"<>Rejected",'Leave Log'!$B$5:$B$304,"CL")>0,"CL",IF(COUNTIFS('Leave Log'!$A$5:$A$304,$A14,'Leave Log'!$C$5:$C$304,"<="&AG$5,'Leave Log'!$D$5:$D$304,">="&AG$5,'Leave Log'!$F$5:$F$304,"<>Rejected",'Leave Log'!$B$5:$B$304,"UL")>0,"UL",IF(COUNTIFS('Leave Log'!$A$5:$A$304,$A14,'Leave Log'!$C$5:$C$304,"<="&AG$5,'Leave Log'!$D$5:$D$304,">="&AG$5,'Leave Log'!$F$5:$F$304,"<>Rejected",'Leave Log'!$B$5:$B$304,"OT")>0,"OT",""))))))
A15: =IF(Employees!B14="","",Employees!B14) | B15: =IF(Employees!B14="","",Employees!C14) | C15: =IF(OR(C$5="",$A15=""),"",IF(COUNTIFS('Leave Log'!$A$5:$A$304,$A15,'Leave Log'!$C$5:$C$304,"<="&C$5,'Leave Log'!$D$5:$D$304,">="&C$5,'Leave Log'!$F$5:$F$304,"<>Rejected",'Leave Log'!$B$5:$B$304,"AL")>0,"AL",IF(COUNTIFS('Leave Log'!$A$5:$A$304,$A15,'Leave Log'!$C$5:$C$304,"<="&C$5,'Leave Log'!$D$5:$D$304,">="&C$5,'Leave Log'!$F$5:$F$304,"<>Rejected",'Leave Log'!$B$5:$B$304,"SL")>0,"SL",IF(COUNTIFS('Leave Log'!$A$5:$A$304,$A15,'Leave Log'!$C$5:$C$304,"<="&C$5,'Leave Log'!$D$5:$D$304,">="&C$5,'Leave Log'!$F$5:$F$304,"<>Rejected",'Leave Log'!$B$5:$B$304,"CL")>0,"CL",IF(COUNTIFS('Leave Log'!$A$5:$A$304,$A15,'Leave Log'!$C$5:$C$304,"<="&C$5,'Leave Log'!$D$5:$D$304,">="&C$5,'Leave Log'!$F$5:$F$304,"<>Rejected",'Leave Log'!$B$5:$B$304,"UL")>0,"UL",IF(COUNTIFS('Leave Log'!$A$5:$A$304,$A15,'Leave Log'!$C$5:$C$304,"<="&C$5,'Leave Log'!$D$5:$D$304,">="&C$5,'Leave Log'!$F$5:$F$304,"<>Rejected",'Leave Log'!$B$5:$B$304,"OT")>0,"OT","")))))) | D15: =IF(OR(D$5="",$A15=""),"",IF(COUNTIFS('Leave Log'!$A$5:$A$304,$A15,'Leave Log'!$C$5:$C$304,"<="&D$5,'Leave Log'!$D$5:$D$304,">="&D$5,'Leave Log'!$F$5:$F$304,"<>Rejected",'Leave Log'!$B$5:$B$304,"AL")>0,"AL",IF(COUNTIFS('Leave Log'!$A$5:$A$304,$A15,'Leave Log'!$C$5:$C$304,"<="&D$5,'Leave Log'!$D$5:$D$304,">="&D$5,'Leave Log'!$F$5:$F$304,"<>Rejected",'Leave Log'!$B$5:$B$304,"SL")>0,"SL",IF(COUNTIFS('Leave Log'!$A$5:$A$304,$A15,'Leave Log'!$C$5:$C$304,"<="&D$5,'Leave Log'!$D$5:$D$304,">="&D$5,'Leave Log'!$F$5:$F$304,"<>Rejected",'Leave Log'!$B$5:$B$304,"CL")>0,"CL",IF(COUNTIFS('Leave Log'!$A$5:$A$304,$A15,'Leave Log'!$C$5:$C$304,"<="&D$5,'Leave Log'!$D$5:$D$304,">="&D$5,'Leave Log'!$F$5:$F$304,"<>Rejected",'Leave Log'!$B$5:$B$304,"UL")>0,"UL",IF(COUNTIFS('Leave Log'!$A$5:$A$304,$A15,'Leave Log'!$C$5:$C$304,"<="&D$5,'Leave Log'!$D$5:$D$304,">="&D$5,'Leave Log'!$F$5:$F$304,"<>Rejected",'Leave Log'!$B$5:$B$304,"OT")>0,"OT","")))))) | E15: =IF(OR(E$5="",$A15=""),"",IF(COUNTIFS('Leave Log'!$A$5:$A$304,$A15,'Leave Log'!$C$5:$C$304,"<="&E$5,'Leave Log'!$D$5:$D$304,">="&E$5,'Leave Log'!$F$5:$F$304,"<>Rejected",'Leave Log'!$B$5:$B$304,"AL")>0,"AL",IF(COUNTIFS('Leave Log'!$A$5:$A$304,$A15,'Leave Log'!$C$5:$C$304,"<="&E$5,'Leave Log'!$D$5:$D$304,">="&E$5,'Leave Log'!$F$5:$F$304,"<>Rejected",'Leave Log'!$B$5:$B$304,"SL")>0,"SL",IF(COUNTIFS('Leave Log'!$A$5:$A$304,$A15,'Leave Log'!$C$5:$C$304,"<="&E$5,'Leave Log'!$D$5:$D$304,">="&E$5,'Leave Log'!$F$5:$F$304,"<>Rejected",'Leave Log'!$B$5:$B$304,"CL")>0,"CL",IF(COUNTIFS('Leave Log'!$A$5:$A$304,$A15,'Leave Log'!$C$5:$C$304,"<="&E$5,'Leave Log'!$D$5:$D$304,">="&E$5,'Leave Log'!$F$5:$F$304,"<>Rejected",'Leave Log'!$B$5:$B$304,"UL")>0,"UL",IF(COUNTIFS('Leave Log'!$A$5:$A$304,$A15,'Leave Log'!$C$5:$C$304,"<="&E$5,'Leave Log'!$D$5:$D$304,">="&E$5,'Leave Log'!$F$5:$F$304,"<>Rejected",'Leave Log'!$B$5:$B$304,"OT")>0,"OT","")))))) | F15: =IF(OR(F$5="",$A15=""),"",IF(COUNTIFS('Leave Log'!$A$5:$A$304,$A15,'Leave Log'!$C$5:$C$304,"<="&F$5,'Leave Log'!$D$5:$D$304,">="&F$5,'Leave Log'!$F$5:$F$304,"<>Rejected",'Leave Log'!$B$5:$B$304,"AL")>0,"AL",IF(COUNTIFS('Leave Log'!$A$5:$A$304,$A15,'Leave Log'!$C$5:$C$304,"<="&F$5,'Leave Log'!$D$5:$D$304,">="&F$5,'Leave Log'!$F$5:$F$304,"<>Rejected",'Leave Log'!$B$5:$B$304,"SL")>0,"SL",IF(COUNTIFS('Leave Log'!$A$5:$A$304,$A15,'Leave Log'!$C$5:$C$304,"<="&F$5,'Leave Log'!$D$5:$D$304,">="&F$5,'Leave Log'!$F$5:$F$304,"<>Rejected",'Leave Log'!$B$5:$B$304,"CL")>0,"CL",IF(COUNTIFS('Leave Log'!$A$5:$A$304,$A15,'Leave Log'!$C$5:$C$304,"<="&F$5,'Leave Log'!$D$5:$D$304,">="&F$5,'Leave Log'!$F$5:$F$304,"<>Rejected",'Leave Log'!$B$5:$B$304,"UL")>0,"UL",IF(COUNTIFS('Leave Log'!$A$5:$A$304,$A15,'Leave Log'!$C$5:$C$304,"<="&F$5,'Leave Log'!$D$5:$D$304,">="&F$5,'Leave Log'!$F$5:$F$304,"<>Rejected",'Leave Log'!$B$5:$B$304,"OT")>0,"OT","")))))) | G15: =IF(OR(G$5="",$A15=""),"",IF(COUNTIFS('Leave Log'!$A$5:$A$304,$A15,'Leave Log'!$C$5:$C$304,"<="&G$5,'Leave Log'!$D$5:$D$304,">="&G$5,'Leave Log'!$F$5:$F$304,"<>Rejected",'Leave Log'!$B$5:$B$304,"AL")>0,"AL",IF(COUNTIFS('Leave Log'!$A$5:$A$304,$A15,'Leave Log'!$C$5:$C$304,"<="&G$5,'Leave Log'!$D$5:$D$304,">="&G$5,'Leave Log'!$F$5:$F$304,"<>Rejected",'Leave Log'!$B$5:$B$304,"SL")>0,"SL",IF(COUNTIFS('Leave Log'!$A$5:$A$304,$A15,'Leave Log'!$C$5:$C$304,"<="&G$5,'Leave Log'!$D$5:$D$304,">="&G$5,'Leave Log'!$F$5:$F$304,"<>Rejected",'Leave Log'!$B$5:$B$304,"CL")>0,"CL",IF(COUNTIFS('Leave Log'!$A$5:$A$304,$A15,'Leave Log'!$C$5:$C$304,"<="&G$5,'Leave Log'!$D$5:$D$304,">="&G$5,'Leave Log'!$F$5:$F$304,"<>Rejected",'Leave Log'!$B$5:$B$304,"UL")>0,"UL",IF(COUNTIFS('Leave Log'!$A$5:$A$304,$A15,'Leave Log'!$C$5:$C$304,"<="&G$5,'Leave Log'!$D$5:$D$304,">="&G$5,'Leave Log'!$F$5:$F$304,"<>Rejected",'Leave Log'!$B$5:$B$304,"OT")>0,"OT","")))))) | H15: =IF(OR(H$5="",$A15=""),"",IF(COUNTIFS('Leave Log'!$A$5:$A$304,$A15,'Leave Log'!$C$5:$C$304,"<="&H$5,'Leave Log'!$D$5:$D$304,">="&H$5,'Leave Log'!$F$5:$F$304,"<>Rejected",'Leave Log'!$B$5:$B$304,"AL")>0,"AL",IF(COUNTIFS('Leave Log'!$A$5:$A$304,$A15,'Leave Log'!$C$5:$C$304,"<="&H$5,'Leave Log'!$D$5:$D$304,">="&H$5,'Leave Log'!$F$5:$F$304,"<>Rejected",'Leave Log'!$B$5:$B$304,"SL")>0,"SL",IF(COUNTIFS('Leave Log'!$A$5:$A$304,$A15,'Leave Log'!$C$5:$C$304,"<="&H$5,'Leave Log'!$D$5:$D$304,">="&H$5,'Leave Log'!$F$5:$F$304,"<>Rejected",'Leave Log'!$B$5:$B$304,"CL")>0,"CL",IF(COUNTIFS('Leave Log'!$A$5:$A$304,$A15,'Leave Log'!$C$5:$C$304,"<="&H$5,'Leave Log'!$D$5:$D$304,">="&H$5,'Leave Log'!$F$5:$F$304,"<>Rejected",'Leave Log'!$B$5:$B$304,"UL")>0,"UL",IF(COUNTIFS('Leave Log'!$A$5:$A$304,$A15,'Leave Log'!$C$5:$C$304,"<="&H$5,'Leave Log'!$D$5:$D$304,">="&H$5,'Leave Log'!$F$5:$F$304,"<>Rejected",'Leave Log'!$B$5:$B$304,"OT")>0,"OT","")))))) | I15: =IF(OR(I$5="",$A15=""),"",IF(COUNTIFS('Leave Log'!$A$5:$A$304,$A15,'Leave Log'!$C$5:$C$304,"<="&I$5,'Leave Log'!$D$5:$D$304,">="&I$5,'Leave Log'!$F$5:$F$304,"<>Rejected",'Leave Log'!$B$5:$B$304,"AL")>0,"AL",IF(COUNTIFS('Leave Log'!$A$5:$A$304,$A15,'Leave Log'!$C$5:$C$304,"<="&I$5,'Leave Log'!$D$5:$D$304,">="&I$5,'Leave Log'!$F$5:$F$304,"<>Rejected",'Leave Log'!$B$5:$B$304,"SL")>0,"SL",IF(COUNTIFS('Leave Log'!$A$5:$A$304,$A15,'Leave Log'!$C$5:$C$304,"<="&I$5,'Leave Log'!$D$5:$D$304,">="&I$5,'Leave Log'!$F$5:$F$304,"<>Rejected",'Leave Log'!$B$5:$B$304,"CL")>0,"CL",IF(COUNTIFS('Leave Log'!$A$5:$A$304,$A15,'Leave Log'!$C$5:$C$304,"<="&I$5,'Leave Log'!$D$5:$D$304,">="&I$5,'Leave Log'!$F$5:$F$304,"<>Rejected",'Leave Log'!$B$5:$B$304,"UL")>0,"UL",IF(COUNTIFS('Leave Log'!$A$5:$A$304,$A15,'Leave Log'!$C$5:$C$304,"<="&I$5,'Leave Log'!$D$5:$D$304,">="&I$5,'Leave Log'!$F$5:$F$304,"<>Rejected",'Leave Log'!$B$5:$B$304,"OT")>0,"OT","")))))) | J15: =IF(OR(J$5="",$A15=""),"",IF(COUNTIFS('Leave Log'!$A$5:$A$304,$A15,'Leave Log'!$C$5:$C$304,"<="&J$5,'Leave Log'!$D$5:$D$304,">="&J$5,'Leave Log'!$F$5:$F$304,"<>Rejected",'Leave Log'!$B$5:$B$304,"AL")>0,"AL",IF(COUNTIFS('Leave Log'!$A$5:$A$304,$A15,'Leave Log'!$C$5:$C$304,"<="&J$5,'Leave Log'!$D$5:$D$304,">="&J$5,'Leave Log'!$F$5:$F$304,"<>Rejected",'Leave Log'!$B$5:$B$304,"SL")>0,"SL",IF(COUNTIFS('Leave Log'!$A$5:$A$304,$A15,'Leave Log'!$C$5:$C$304,"<="&J$5,'Leave Log'!$D$5:$D$304,">="&J$5,'Leave Log'!$F$5:$F$304,"<>Rejected",'Leave Log'!$B$5:$B$304,"CL")>0,"CL",IF(COUNTIFS('Leave Log'!$A$5:$A$304,$A15,'Leave Log'!$C$5:$C$304,"<="&J$5,'Leave Log'!$D$5:$D$304,">="&J$5,'Leave Log'!$F$5:$F$304,"<>Rejected",'Leave Log'!$B$5:$B$304,"UL")>0,"UL",IF(COUNTIFS('Leave Log'!$A$5:$A$304,$A15,'Leave Log'!$C$5:$C$304,"<="&J$5,'Leave Log'!$D$5:$D$304,">="&J$5,'Leave Log'!$F$5:$F$304,"<>Rejected",'Leave Log'!$B$5:$B$304,"OT")>0,"OT","")))))) | ... AG15: =IF(OR(AG$5="",$A15=""),"",IF(COUNTIFS('Leave Log'!$A$5:$A$304,$A15,'Leave Log'!$C$5:$C$304,"<="&AG$5,'Leave Log'!$D$5:$D$304,">="&AG$5,'Leave Log'!$F$5:$F$304,"<>Rejected",'Leave Log'!$B$5:$B$304,"AL")>0,"AL",IF(COUNTIFS('Leave Log'!$A$5:$A$304,$A15,'Leave Log'!$C$5:$C$304,"<="&AG$5,'Leave Log'!$D$5:$D$304,">="&AG$5,'Leave Log'!$F$5:$F$304,"<>Rejected",'Leave Log'!$B$5:$B$304,"SL")>0,"SL",IF(COUNTIFS('Leave Log'!$A$5:$A$304,$A15,'Leave Log'!$C$5:$C$304,"<="&AG$5,'Leave Log'!$D$5:$D$304,">="&AG$5,'Leave Log'!$F$5:$F$304,"<>Rejected",'Leave Log'!$B$5:$B$304,"CL")>0,"CL",IF(COUNTIFS('Leave Log'!$A$5:$A$304,$A15,'Leave Log'!$C$5:$C$304,"<="&AG$5,'Leave Log'!$D$5:$D$304,">="&AG$5,'Leave Log'!$F$5:$F$304,"<>Rejected",'Leave Log'!$B$5:$B$304,"UL")>0,"UL",IF(COUNTIFS('Leave Log'!$A$5:$A$304,$A15,'Leave Log'!$C$5:$C$304,"<="&AG$5,'Leave Log'!$D$5:$D$304,">="&AG$5,'Leave Log'!$F$5:$F$304,"<>Rejected",'Leave Log'!$B$5:$B$304,"OT")>0,"OT",""))))))
A16: =IF(Employees!B15="","",Employees!B15) | B16: =IF(Employees!B15="","",Employees!C15) | C16: =IF(OR(C$5="",$A16=""),"",IF(COUNTIFS('Leave Log'!$A$5:$A$304,$A16,'Leave Log'!$C$5:$C$304,"<="&C$5,'Leave Log'!$D$5:$D$304,">="&C$5,'Leave Log'!$F$5:$F$304,"<>Rejected",'Leave Log'!$B$5:$B$304,"AL")>0,"AL",IF(COUNTIFS('Leave Log'!$A$5:$A$304,$A16,'Leave Log'!$C$5:$C$304,"<="&C$5,'Leave Log'!$D$5:$D$304,">="&C$5,'Leave Log'!$F$5:$F$304,"<>Rejected",'Leave Log'!$B$5:$B$304,"SL")>0,"SL",IF(COUNTIFS('Leave Log'!$A$5:$A$304,$A16,'Leave Log'!$C$5:$C$304,"<="&C$5,'Leave Log'!$D$5:$D$304,">="&C$5,'Leave Log'!$F$5:$F$304,"<>Rejected",'Leave Log'!$B$5:$B$304,"CL")>0,"CL",IF(COUNTIFS('Leave Log'!$A$5:$A$304,$A16,'Leave Log'!$C$5:$C$304,"<="&C$5,'Leave Log'!$D$5:$D$304,">="&C$5,'Leave Log'!$F$5:$F$304,"<>Rejected",'Leave Log'!$B$5:$B$304,"UL")>0,"UL",IF(COUNTIFS('Leave Log'!$A$5:$A$304,$A16,'Leave Log'!$C$5:$C$304,"<="&C$5,'Leave Log'!$D$5:$D$304,">="&C$5,'Leave Log'!$F$5:$F$304,"<>Rejected",'Leave Log'!$B$5:$B$304,"OT")>0,"OT","")))))) | D16: =IF(OR(D$5="",$A16=""),"",IF(COUNTIFS('Leave Log'!$A$5:$A$304,$A16,'Leave Log'!$C$5:$C$304,"<="&D$5,'Leave Log'!$D$5:$D$304,">="&D$5,'Leave Log'!$F$5:$F$304,"<>Rejected",'Leave Log'!$B$5:$B$304,"AL")>0,"AL",IF(COUNTIFS('Leave Log'!$A$5:$A$304,$A16,'Leave Log'!$C$5:$C$304,"<="&D$5,'Leave Log'!$D$5:$D$304,">="&D$5,'Leave Log'!$F$5:$F$304,"<>Rejected",'Leave Log'!$B$5:$B$304,"SL")>0,"SL",IF(COUNTIFS('Leave Log'!$A$5:$A$304,$A16,'Leave Log'!$C$5:$C$304,"<="&D$5,'Leave Log'!$D$5:$D$304,">="&D$5,'Leave Log'!$F$5:$F$304,"<>Rejected",'Leave Log'!$B$5:$B$304,"CL")>0,"CL",IF(COUNTIFS('Leave Log'!$A$5:$A$304,$A16,'Leave Log'!$C$5:$C$304,"<="&D$5,'Leave Log'!$D$5:$D$304,">="&D$5,'Leave Log'!$F$5:$F$304,"<>Rejected",'Leave Log'!$B$5:$B$304,"UL")>0,"UL",IF(COUNTIFS('Leave Log'!$A$5:$A$304,$A16,'Leave Log'!$C$5:$C$304,"<="&D$5,'Leave Log'!$D$5:$D$304,">="&D$5,'Leave Log'!$F$5:$F$304,"<>Rejected",'Leave Log'!$B$5:$B$304,"OT")>0,"OT","")))))) | E16: =IF(OR(E$5="",$A16=""),"",IF(COUNTIFS('Leave Log'!$A$5:$A$304,$A16,'Leave Log'!$C$5:$C$304,"<="&E$5,'Leave Log'!$D$5:$D$304,">="&E$5,'Leave Log'!$F$5:$F$304,"<>Rejected",'Leave Log'!$B$5:$B$304,"AL")>0,"AL",IF(COUNTIFS('Leave Log'!$A$5:$A$304,$A16,'Leave Log'!$C$5:$C$304,"<="&E$5,'Leave Log'!$D$5:$D$304,">="&E$5,'Leave Log'!$F$5:$F$304,"<>Rejected",'Leave Log'!$B$5:$B$304,"SL")>0,"SL",IF(COUNTIFS('Leave Log'!$A$5:$A$304,$A16,'Leave Log'!$C$5:$C$304,"<="&E$5,'Leave Log'!$D$5:$D$304,">="&E$5,'Leave Log'!$F$5:$F$304,"<>Rejected",'Leave Log'!$B$5:$B$304,"CL")>0,"CL",IF(COUNTIFS('Leave Log'!$A$5:$A$304,$A16,'Leave Log'!$C$5:$C$304,"<="&E$5,'Leave Log'!$D$5:$D$304,">="&E$5,'Leave Log'!$F$5:$F$304,"<>Rejected",'Leave Log'!$B$5:$B$304,"UL")>0,"UL",IF(COUNTIFS('Leave Log'!$A$5:$A$304,$A16,'Leave Log'!$C$5:$C$304,"<="&E$5,'Leave Log'!$D$5:$D$304,">="&E$5,'Leave Log'!$F$5:$F$304,"<>Rejected",'Leave Log'!$B$5:$B$304,"OT")>0,"OT","")))))) | F16: =IF(OR(F$5="",$A16=""),"",IF(COUNTIFS('Leave Log'!$A$5:$A$304,$A16,'Leave Log'!$C$5:$C$304,"<="&F$5,'Leave Log'!$D$5:$D$304,">="&F$5,'Leave Log'!$F$5:$F$304,"<>Rejected",'Leave Log'!$B$5:$B$304,"AL")>0,"AL",IF(COUNTIFS('Leave Log'!$A$5:$A$304,$A16,'Leave Log'!$C$5:$C$304,"<="&F$5,'Leave Log'!$D$5:$D$304,">="&F$5,'Leave Log'!$F$5:$F$304,"<>Rejected",'Leave Log'!$B$5:$B$304,"SL")>0,"SL",IF(COUNTIFS('Leave Log'!$A$5:$A$304,$A16,'Leave Log'!$C$5:$C$304,"<="&F$5,'Leave Log'!$D$5:$D$304,">="&F$5,'Leave Log'!$F$5:$F$304,"<>Rejected",'Leave Log'!$B$5:$B$304,"CL")>0,"CL",IF(COUNTIFS('Leave Log'!$A$5:$A$304,$A16,'Leave Log'!$C$5:$C$304,"<="&F$5,'Leave Log'!$D$5:$D$304,">="&F$5,'Leave Log'!$F$5:$F$304,"<>Rejected",'Leave Log'!$B$5:$B$304,"UL")>0,"UL",IF(COUNTIFS('Leave Log'!$A$5:$A$304,$A16,'Leave Log'!$C$5:$C$304,"<="&F$5,'Leave Log'!$D$5:$D$304,">="&F$5,'Leave Log'!$F$5:$F$304,"<>Rejected",'Leave Log'!$B$5:$B$304,"OT")>0,"OT","")))))) | G16: =IF(OR(G$5="",$A16=""),"",IF(COUNTIFS('Leave Log'!$A$5:$A$304,$A16,'Leave Log'!$C$5:$C$304,"<="&G$5,'Leave Log'!$D$5:$D$304,">="&G$5,'Leave Log'!$F$5:$F$304,"<>Rejected",'Leave Log'!$B$5:$B$304,"AL")>0,"AL",IF(COUNTIFS('Leave Log'!$A$5:$A$304,$A16,'Leave Log'!$C$5:$C$304,"<="&G$5,'Leave Log'!$D$5:$D$304,">="&G$5,'Leave Log'!$F$5:$F$304,"<>Rejected",'Leave Log'!$B$5:$B$304,"SL")>0,"SL",IF(COUNTIFS('Leave Log'!$A$5:$A$304,$A16,'Leave Log'!$C$5:$C$304,"<="&G$5,'Leave Log'!$D$5:$D$304,">="&G$5,'Leave Log'!$F$5:$F$304,"<>Rejected",'Leave Log'!$B$5:$B$304,"CL")>0,"CL",IF(COUNTIFS('Leave Log'!$A$5:$A$304,$A16,'Leave Log'!$C$5:$C$304,"<="&G$5,'Leave Log'!$D$5:$D$304,">="&G$5,'Leave Log'!$F$5:$F$304,"<>Rejected",'Leave Log'!$B$5:$B$304,"UL")>0,"UL",IF(COUNTIFS('Leave Log'!$A$5:$A$304,$A16,'Leave Log'!$C$5:$C$304,"<="&G$5,'Leave Log'!$D$5:$D$304,">="&G$5,'Leave Log'!$F$5:$F$304,"<>Rejected",'Leave Log'!$B$5:$B$304,"OT")>0,"OT","")))))) | H16: =IF(OR(H$5="",$A16=""),"",IF(COUNTIFS('Leave Log'!$A$5:$A$304,$A16,'Leave Log'!$C$5:$C$304,"<="&H$5,'Leave Log'!$D$5:$D$304,">="&H$5,'Leave Log'!$F$5:$F$304,"<>Rejected",'Leave Log'!$B$5:$B$304,"AL")>0,"AL",IF(COUNTIFS('Leave Log'!$A$5:$A$304,$A16,'Leave Log'!$C$5:$C$304,"<="&H$5,'Leave Log'!$D$5:$D$304,">="&H$5,'Leave Log'!$F$5:$F$304,"<>Rejected",'Leave Log'!$B$5:$B$304,"SL")>0,"SL",IF(COUNTIFS('Leave Log'!$A$5:$A$304,$A16,'Leave Log'!$C$5:$C$304,"<="&H$5,'Leave Log'!$D$5:$D$304,">="&H$5,'Leave Log'!$F$5:$F$304,"<>Rejected",'Leave Log'!$B$5:$B$304,"CL")>0,"CL",IF(COUNTIFS('Leave Log'!$A$5:$A$304,$A16,'Leave Log'!$C$5:$C$304,"<="&H$5,'Leave Log'!$D$5:$D$304,">="&H$5,'Leave Log'!$F$5:$F$304,"<>Rejected",'Leave Log'!$B$5:$B$304,"UL")>0,"UL",IF(COUNTIFS('Leave Log'!$A$5:$A$304,$A16,'Leave Log'!$C$5:$C$304,"<="&H$5,'Leave Log'!$D$5:$D$304,">="&H$5,'Leave Log'!$F$5:$F$304,"<>Rejected",'Leave Log'!$B$5:$B$304,"OT")>0,"OT","")))))) | I16: =IF(OR(I$5="",$A16=""),"",IF(COUNTIFS('Leave Log'!$A$5:$A$304,$A16,'Leave Log'!$C$5:$C$304,"<="&I$5,'Leave Log'!$D$5:$D$304,">="&I$5,'Leave Log'!$F$5:$F$304,"<>Rejected",'Leave Log'!$B$5:$B$304,"AL")>0,"AL",IF(COUNTIFS('Leave Log'!$A$5:$A$304,$A16,'Leave Log'!$C$5:$C$304,"<="&I$5,'Leave Log'!$D$5:$D$304,">="&I$5,'Leave Log'!$F$5:$F$304,"<>Rejected",'Leave Log'!$B$5:$B$304,"SL")>0,"SL",IF(COUNTIFS('Leave Log'!$A$5:$A$304,$A16,'Leave Log'!$C$5:$C$304,"<="&I$5,'Leave Log'!$D$5:$D$304,">="&I$5,'Leave Log'!$F$5:$F$304,"<>Rejected",'Leave Log'!$B$5:$B$304,"CL")>0,"CL",IF(COUNTIFS('Leave Log'!$A$5:$A$304,$A16,'Leave Log'!$C$5:$C$304,"<="&I$5,'Leave Log'!$D$5:$D$304,">="&I$5,'Leave Log'!$F$5:$F$304,"<>Rejected",'Leave Log'!$B$5:$B$304,"UL")>0,"UL",IF(COUNTIFS('Leave Log'!$A$5:$A$304,$A16,'Leave Log'!$C$5:$C$304,"<="&I$5,'Leave Log'!$D$5:$D$304,">="&I$5,'Leave Log'!$F$5:$F$304,"<>Rejected",'Leave Log'!$B$5:$B$304,"OT")>0,"OT","")))))) | J16: =IF(OR(J$5="",$A16=""),"",IF(COUNTIFS('Leave Log'!$A$5:$A$304,$A16,'Leave Log'!$C$5:$C$304,"<="&J$5,'Leave Log'!$D$5:$D$304,">="&J$5,'Leave Log'!$F$5:$F$304,"<>Rejected",'Leave Log'!$B$5:$B$304,"AL")>0,"AL",IF(COUNTIFS('Leave Log'!$A$5:$A$304,$A16,'Leave Log'!$C$5:$C$304,"<="&J$5,'Leave Log'!$D$5:$D$304,">="&J$5,'Leave Log'!$F$5:$F$304,"<>Rejected",'Leave Log'!$B$5:$B$304,"SL")>0,"SL",IF(COUNTIFS('Leave Log'!$A$5:$A$304,$A16,'Leave Log'!$C$5:$C$304,"<="&J$5,'Leave Log'!$D$5:$D$304,">="&J$5,'Leave Log'!$F$5:$F$304,"<>Rejected",'Leave Log'!$B$5:$B$304,"CL")>0,"CL",IF(COUNTIFS('Leave Log'!$A$5:$A$304,$A16,'Leave Log'!$C$5:$C$304,"<="&J$5,'Leave Log'!$D$5:$D$304,">="&J$5,'Leave Log'!$F$5:$F$304,"<>Rejected",'Leave Log'!$B$5:$B$304,"UL")>0,"UL",IF(COUNTIFS('Leave Log'!$A$5:$A$304,$A16,'Leave Log'!$C$5:$C$304,"<="&J$5,'Leave Log'!$D$5:$D$304,">="&J$5,'Leave Log'!$F$5:$F$304,"<>Rejected",'Leave Log'!$B$5:$B$304,"OT")>0,"OT","")))))) | ... AG16: =IF(OR(AG$5="",$A16=""),"",IF(COUNTIFS('Leave Log'!$A$5:$A$304,$A16,'Leave Log'!$C$5:$C$304,"<="&AG$5,'Leave Log'!$D$5:$D$304,">="&AG$5,'Leave Log'!$F$5:$F$304,"<>Rejected",'Leave Log'!$B$5:$B$304,"AL")>0,"AL",IF(COUNTIFS('Leave Log'!$A$5:$A$304,$A16,'Leave Log'!$C$5:$C$304,"<="&AG$5,'Leave Log'!$D$5:$D$304,">="&AG$5,'Leave Log'!$F$5:$F$304,"<>Rejected",'Leave Log'!$B$5:$B$304,"SL")>0,"SL",IF(COUNTIFS('Leave Log'!$A$5:$A$304,$A16,'Leave Log'!$C$5:$C$304,"<="&AG$5,'Leave Log'!$D$5:$D$304,">="&AG$5,'Leave Log'!$F$5:$F$304,"<>Rejected",'Leave Log'!$B$5:$B$304,"CL")>0,"CL",IF(COUNTIFS('Leave Log'!$A$5:$A$304,$A16,'Leave Log'!$C$5:$C$304,"<="&AG$5,'Leave Log'!$D$5:$D$304,">="&AG$5,'Leave Log'!$F$5:$F$304,"<>Rejected",'Leave Log'!$B$5:$B$304,"UL")>0,"UL",IF(COUNTIFS('Leave Log'!$A$5:$A$304,$A16,'Leave Log'!$C$5:$C$304,"<="&AG$5,'Leave Log'!$D$5:$D$304,">="&AG$5,'Leave Log'!$F$5:$F$304,"<>Rejected",'Leave Log'!$B$5:$B$304,"OT")>0,"OT",""))))))
A17: =IF(Employees!B16="","",Employees!B16) | B17: =IF(Employees!B16="","",Employees!C16) | C17: =IF(OR(C$5="",$A17=""),"",IF(COUNTIFS('Leave Log'!$A$5:$A$304,$A17,'Leave Log'!$C$5:$C$304,"<="&C$5,'Leave Log'!$D$5:$D$304,">="&C$5,'Leave Log'!$F$5:$F$304,"<>Rejected",'Leave Log'!$B$5:$B$304,"AL")>0,"AL",IF(COUNTIFS('Leave Log'!$A$5:$A$304,$A17,'Leave Log'!$C$5:$C$304,"<="&C$5,'Leave Log'!$D$5:$D$304,">="&C$5,'Leave Log'!$F$5:$F$304,"<>Rejected",'Leave Log'!$B$5:$B$304,"SL")>0,"SL",IF(COUNTIFS('Leave Log'!$A$5:$A$304,$A17,'Leave Log'!$C$5:$C$304,"<="&C$5,'Leave Log'!$D$5:$D$304,">="&C$5,'Leave Log'!$F$5:$F$304,"<>Rejected",'Leave Log'!$B$5:$B$304,"CL")>0,"CL",IF(COUNTIFS('Leave Log'!$A$5:$A$304,$A17,'Leave Log'!$C$5:$C$304,"<="&C$5,'Leave Log'!$D$5:$D$304,">="&C$5,'Leave Log'!$F$5:$F$304,"<>Rejected",'Leave Log'!$B$5:$B$304,"UL")>0,"UL",IF(COUNTIFS('Leave Log'!$A$5:$A$304,$A17,'Leave Log'!$C$5:$C$304,"<="&C$5,'Leave Log'!$D$5:$D$304,">="&C$5,'Leave Log'!$F$5:$F$304,"<>Rejected",'Leave Log'!$B$5:$B$304,"OT")>0,"OT","")))))) | D17: =IF(OR(D$5="",$A17=""),"",IF(COUNTIFS('Leave Log'!$A$5:$A$304,$A17,'Leave Log'!$C$5:$C$304,"<="&D$5,'Leave Log'!$D$5:$D$304,">="&D$5,'Leave Log'!$F$5:$F$304,"<>Rejected",'Leave Log'!$B$5:$B$304,"AL")>0,"AL",IF(COUNTIFS('Leave Log'!$A$5:$A$304,$A17,'Leave Log'!$C$5:$C$304,"<="&D$5,'Leave Log'!$D$5:$D$304,">="&D$5,'Leave Log'!$F$5:$F$304,"<>Rejected",'Leave Log'!$B$5:$B$304,"SL")>0,"SL",IF(COUNTIFS('Leave Log'!$A$5:$A$304,$A17,'Leave Log'!$C$5:$C$304,"<="&D$5,'Leave Log'!$D$5:$D$304,">="&D$5,'Leave Log'!$F$5:$F$304,"<>Rejected",'Leave Log'!$B$5:$B$304,"CL")>0,"CL",IF(COUNTIFS('Leave Log'!$A$5:$A$304,$A17,'Leave Log'!$C$5:$C$304,"<="&D$5,'Leave Log'!$D$5:$D$304,">="&D$5,'Leave Log'!$F$5:$F$304,"<>Rejected",'Leave Log'!$B$5:$B$304,"UL")>0,"UL",IF(COUNTIFS('Leave Log'!$A$5:$A$304,$A17,'Leave Log'!$C$5:$C$304,"<="&D$5,'Leave Log'!$D$5:$D$304,">="&D$5,'Leave Log'!$F$5:$F$304,"<>Rejected",'Leave Log'!$B$5:$B$304,"OT")>0,"OT","")))))) | E17: =IF(OR(E$5="",$A17=""),"",IF(COUNTIFS('Leave Log'!$A$5:$A$304,$A17,'Leave Log'!$C$5:$C$304,"<="&E$5,'Leave Log'!$D$5:$D$304,">="&E$5,'Leave Log'!$F$5:$F$304,"<>Rejected",'Leave Log'!$B$5:$B$304,"AL")>0,"AL",IF(COUNTIFS('Leave Log'!$A$5:$A$304,$A17,'Leave Log'!$C$5:$C$304,"<="&E$5,'Leave Log'!$D$5:$D$304,">="&E$5,'Leave Log'!$F$5:$F$304,"<>Rejected",'Leave Log'!$B$5:$B$304,"SL")>0,"SL",IF(COUNTIFS('Leave Log'!$A$5:$A$304,$A17,'Leave Log'!$C$5:$C$304,"<="&E$5,'Leave Log'!$D$5:$D$304,">="&E$5,'Leave Log'!$F$5:$F$304,"<>Rejected",'Leave Log'!$B$5:$B$304,"CL")>0,"CL",IF(COUNTIFS('Leave Log'!$A$5:$A$304,$A17,'Leave Log'!$C$5:$C$304,"<="&E$5,'Leave Log'!$D$5:$D$304,">="&E$5,'Leave Log'!$F$5:$F$304,"<>Rejected",'Leave Log'!$B$5:$B$304,"UL")>0,"UL",IF(COUNTIFS('Leave Log'!$A$5:$A$304,$A17,'Leave Log'!$C$5:$C$304,"<="&E$5,'Leave Log'!$D$5:$D$304,">="&E$5,'Leave Log'!$F$5:$F$304,"<>Rejected",'Leave Log'!$B$5:$B$304,"OT")>0,"OT","")))))) | F17: =IF(OR(F$5="",$A17=""),"",IF(COUNTIFS('Leave Log'!$A$5:$A$304,$A17,'Leave Log'!$C$5:$C$304,"<="&F$5,'Leave Log'!$D$5:$D$304,">="&F$5,'Leave Log'!$F$5:$F$304,"<>Rejected",'Leave Log'!$B$5:$B$304,"AL")>0,"AL",IF(COUNTIFS('Leave Log'!$A$5:$A$304,$A17,'Leave Log'!$C$5:$C$304,"<="&F$5,'Leave Log'!$D$5:$D$304,">="&F$5,'Leave Log'!$F$5:$F$304,"<>Rejected",'Leave Log'!$B$5:$B$304,"SL")>0,"SL",IF(COUNTIFS('Leave Log'!$A$5:$A$304,$A17,'Leave Log'!$C$5:$C$304,"<="&F$5,'Leave Log'!$D$5:$D$304,">="&F$5,'Leave Log'!$F$5:$F$304,"<>Rejected",'Leave Log'!$B$5:$B$304,"CL")>0,"CL",IF(COUNTIFS('Leave Log'!$A$5:$A$304,$A17,'Leave Log'!$C$5:$C$304,"<="&F$5,'Leave Log'!$D$5:$D$304,">="&F$5,'Leave Log'!$F$5:$F$304,"<>Rejected",'Leave Log'!$B$5:$B$304,"UL")>0,"UL",IF(COUNTIFS('Leave Log'!$A$5:$A$304,$A17,'Leave Log'!$C$5:$C$304,"<="&F$5,'Leave Log'!$D$5:$D$304,">="&F$5,'Leave Log'!$F$5:$F$304,"<>Rejected",'Leave Log'!$B$5:$B$304,"OT")>0,"OT","")))))) | G17: =IF(OR(G$5="",$A17=""),"",IF(COUNTIFS('Leave Log'!$A$5:$A$304,$A17,'Leave Log'!$C$5:$C$304,"<="&G$5,'Leave Log'!$D$5:$D$304,">="&G$5,'Leave Log'!$F$5:$F$304,"<>Rejected",'Leave Log'!$B$5:$B$304,"AL")>0,"AL",IF(COUNTIFS('Leave Log'!$A$5:$A$304,$A17,'Leave Log'!$C$5:$C$304,"<="&G$5,'Leave Log'!$D$5:$D$304,">="&G$5,'Leave Log'!$F$5:$F$304,"<>Rejected",'Leave Log'!$B$5:$B$304,"SL")>0,"SL",IF(COUNTIFS('Leave Log'!$A$5:$A$304,$A17,'Leave Log'!$C$5:$C$304,"<="&G$5,'Leave Log'!$D$5:$D$304,">="&G$5,'Leave Log'!$F$5:$F$304,"<>Rejected",'Leave Log'!$B$5:$B$304,"CL")>0,"CL",IF(COUNTIFS('Leave Log'!$A$5:$A$304,$A17,'Leave Log'!$C$5:$C$304,"<="&G$5,'Leave Log'!$D$5:$D$304,">="&G$5,'Leave Log'!$F$5:$F$304,"<>Rejected",'Leave Log'!$B$5:$B$304,"UL")>0,"UL",IF(COUNTIFS('Leave Log'!$A$5:$A$304,$A17,'Leave Log'!$C$5:$C$304,"<="&G$5,'Leave Log'!$D$5:$D$304,">="&G$5,'Leave Log'!$F$5:$F$304,"<>Rejected",'Leave Log'!$B$5:$B$304,"OT")>0,"OT","")))))) | H17: =IF(OR(H$5="",$A17=""),"",IF(COUNTIFS('Leave Log'!$A$5:$A$304,$A17,'Leave Log'!$C$5:$C$304,"<="&H$5,'Leave Log'!$D$5:$D$304,">="&H$5,'Leave Log'!$F$5:$F$304,"<>Rejected",'Leave Log'!$B$5:$B$304,"AL")>0,"AL",IF(COUNTIFS('Leave Log'!$A$5:$A$304,$A17,'Leave Log'!$C$5:$C$304,"<="&H$5,'Leave Log'!$D$5:$D$304,">="&H$5,'Leave Log'!$F$5:$F$304,"<>Rejected",'Leave Log'!$B$5:$B$304,"SL")>0,"SL",IF(COUNTIFS('Leave Log'!$A$5:$A$304,$A17,'Leave Log'!$C$5:$C$304,"<="&H$5,'Leave Log'!$D$5:$D$304,">="&H$5,'Leave Log'!$F$5:$F$304,"<>Rejected",'Leave Log'!$B$5:$B$304,"CL")>0,"CL",IF(COUNTIFS('Leave Log'!$A$5:$A$304,$A17,'Leave Log'!$C$5:$C$304,"<="&H$5,'Leave Log'!$D$5:$D$304,">="&H$5,'Leave Log'!$F$5:$F$304,"<>Rejected",'Leave Log'!$B$5:$B$304,"UL")>0,"UL",IF(COUNTIFS('Leave Log'!$A$5:$A$304,$A17,'Leave Log'!$C$5:$C$304,"<="&H$5,'Leave Log'!$D$5:$D$304,">="&H$5,'Leave Log'!$F$5:$F$304,"<>Rejected",'Leave Log'!$B$5:$B$304,"OT")>0,"OT","")))))) | I17: =IF(OR(I$5="",$A17=""),"",IF(COUNTIFS('Leave Log'!$A$5:$A$304,$A17,'Leave Log'!$C$5:$C$304,"<="&I$5,'Leave Log'!$D$5:$D$304,">="&I$5,'Leave Log'!$F$5:$F$304,"<>Rejected",'Leave Log'!$B$5:$B$304,"AL")>0,"AL",IF(COUNTIFS('Leave Log'!$A$5:$A$304,$A17,'Leave Log'!$C$5:$C$304,"<="&I$5,'Leave Log'!$D$5:$D$304,">="&I$5,'Leave Log'!$F$5:$F$304,"<>Rejected",'Leave Log'!$B$5:$B$304,"SL")>0,"SL",IF(COUNTIFS('Leave Log'!$A$5:$A$304,$A17,'Leave Log'!$C$5:$C$304,"<="&I$5,'Leave Log'!$D$5:$D$304,">="&I$5,'Leave Log'!$F$5:$F$304,"<>Rejected",'Leave Log'!$B$5:$B$304,"CL")>0,"CL",IF(COUNTIFS('Leave Log'!$A$5:$A$304,$A17,'Leave Log'!$C$5:$C$304,"<="&I$5,'Leave Log'!$D$5:$D$304,">="&I$5,'Leave Log'!$F$5:$F$304,"<>Rejected",'Leave Log'!$B$5:$B$304,"UL")>0,"UL",IF(COUNTIFS('Leave Log'!$A$5:$A$304,$A17,'Leave Log'!$C$5:$C$304,"<="&I$5,'Leave Log'!$D$5:$D$304,">="&I$5,'Leave Log'!$F$5:$F$304,"<>Rejected",'Leave Log'!$B$5:$B$304,"OT")>0,"OT","")))))) | J17: =IF(OR(J$5="",$A17=""),"",IF(COUNTIFS('Leave Log'!$A$5:$A$304,$A17,'Leave Log'!$C$5:$C$304,"<="&J$5,'Leave Log'!$D$5:$D$304,">="&J$5,'Leave Log'!$F$5:$F$304,"<>Rejected",'Leave Log'!$B$5:$B$304,"AL")>0,"AL",IF(COUNTIFS('Leave Log'!$A$5:$A$304,$A17,'Leave Log'!$C$5:$C$304,"<="&J$5,'Leave Log'!$D$5:$D$304,">="&J$5,'Leave Log'!$F$5:$F$304,"<>Rejected",'Leave Log'!$B$5:$B$304,"SL")>0,"SL",IF(COUNTIFS('Leave Log'!$A$5:$A$304,$A17,'Leave Log'!$C$5:$C$304,"<="&J$5,'Leave Log'!$D$5:$D$304,">="&J$5,'Leave Log'!$F$5:$F$304,"<>Rejected",'Leave Log'!$B$5:$B$304,"CL")>0,"CL",IF(COUNTIFS('Leave Log'!$A$5:$A$304,$A17,'Leave Log'!$C$5:$C$304,"<="&J$5,'Leave Log'!$D$5:$D$304,">="&J$5,'Leave Log'!$F$5:$F$304,"<>Rejected",'Leave Log'!$B$5:$B$304,"UL")>0,"UL",IF(COUNTIFS('Leave Log'!$A$5:$A$304,$A17,'Leave Log'!$C$5:$C$304,"<="&J$5,'Leave Log'!$D$5:$D$304,">="&J$5,'Leave Log'!$F$5:$F$304,"<>Rejected",'Leave Log'!$B$5:$B$304,"OT")>0,"OT","")))))) | ... AG17: =IF(OR(AG$5="",$A17=""),"",IF(COUNTIFS('Leave Log'!$A$5:$A$304,$A17,'Leave Log'!$C$5:$C$304,"<="&AG$5,'Leave Log'!$D$5:$D$304,">="&AG$5,'Leave Log'!$F$5:$F$304,"<>Rejected",'Leave Log'!$B$5:$B$304,"AL")>0,"AL",IF(COUNTIFS('Leave Log'!$A$5:$A$304,$A17,'Leave Log'!$C$5:$C$304,"<="&AG$5,'Leave Log'!$D$5:$D$304,">="&AG$5,'Leave Log'!$F$5:$F$304,"<>Rejected",'Leave Log'!$B$5:$B$304,"SL")>0,"SL",IF(COUNTIFS('Leave Log'!$A$5:$A$304,$A17,'Leave Log'!$C$5:$C$304,"<="&AG$5,'Leave Log'!$D$5:$D$304,">="&AG$5,'Leave Log'!$F$5:$F$304,"<>Rejected",'Leave Log'!$B$5:$B$304,"CL")>0,"CL",IF(COUNTIFS('Leave Log'!$A$5:$A$304,$A17,'Leave Log'!$C$5:$C$304,"<="&AG$5,'Leave Log'!$D$5:$D$304,">="&AG$5,'Leave Log'!$F$5:$F$304,"<>Rejected",'Leave Log'!$B$5:$B$304,"UL")>0,"UL",IF(COUNTIFS('Leave Log'!$A$5:$A$304,$A17,'Leave Log'!$C$5:$C$304,"<="&AG$5,'Leave Log'!$D$5:$D$304,">="&AG$5,'Leave Log'!$F$5:$F$304,"<>Rejected",'Leave Log'!$B$5:$B$304,"OT")>0,"OT",""))))))
... A25: =IF(Employees!B24="","",Employees!B24) | B25: =IF(Employees!B24="","",Employees!C24) | C25: =IF(OR(C$5="",$A25=""),"",IF(COUNTIFS('Leave Log'!$A$5:$A$304,$A25,'Leave Log'!$C$5:$C$304,"<="&C$5,'Leave Log'!$D$5:$D$304,">="&C$5,'Leave Log'!$F$5:$F$304,"<>Rejected",'Leave Log'!$B$5:$B$304,"AL")>0,"AL",IF(COUNTIFS('Leave Log'!$A$5:$A$304,$A25,'Leave Log'!$C$5:$C$304,"<="&C$5,'Leave Log'!$D$5:$D$304,">="&C$5,'Leave Log'!$F$5:$F$304,"<>Rejected",'Leave Log'!$B$5:$B$304,"SL")>0,"SL",IF(COUNTIFS('Leave Log'!$A$5:$A$304,$A25,'Leave Log'!$C$5:$C$304,"<="&C$5,'Leave Log'!$D$5:$D$304,">="&C$5,'Leave Log'!$F$5:$F$304,"<>Rejected",'Leave Log'!$B$5:$B$304,"CL")>0,"CL",IF(COUNTIFS('Leave Log'!$A$5:$A$304,$A25,'Leave Log'!$C$5:$C$304,"<="&C$5,'Leave Log'!$D$5:$D$304,">="&C$5,'Leave Log'!$F$5:$F$304,"<>Rejected",'Leave Log'!$B$5:$B$304,"UL")>0,"UL",IF(COUNTIFS('Leave Log'!$A$5:$A$304,$A25,'Leave Log'!$C$5:$C$304,"<="&C$5,'Leave Log'!$D$5:$D$304,">="&C$5,'Leave Log'!$F$5:$F$304,"<>Rejected",'Leave Log'!$B$5:$B$304,"OT")>0,"OT","")))))) | D25: =IF(OR(D$5="",$A25=""),"",IF(COUNTIFS('Leave Log'!$A$5:$A$304,$A25,'Leave Log'!$C$5:$C$304,"<="&D$5,'Leave Log'!$D$5:$D$304,">="&D$5,'Leave Log'!$F$5:$F$304,"<>Rejected",'Leave Log'!$B$5:$B$304,"AL")>0,"AL",IF(COUNTIFS('Leave Log'!$A$5:$A$304,$A25,'Leave Log'!$C$5:$C$304,"<="&D$5,'Leave Log'!$D$5:$D$304,">="&D$5,'Leave Log'!$F$5:$F$304,"<>Rejected",'Leave Log'!$B$5:$B$304,"SL")>0,"SL",IF(COUNTIFS('Leave Log'!$A$5:$A$304,$A25,'Leave Log'!$C$5:$C$304,"<="&D$5,'Leave Log'!$D$5:$D$304,">="&D$5,'Leave Log'!$F$5:$F$304,"<>Rejected",'Leave Log'!$B$5:$B$304,"CL")>0,"CL",IF(COUNTIFS('Leave Log'!$A$5:$A$304,$A25,'Leave Log'!$C$5:$C$304,"<="&D$5,'Leave Log'!$D$5:$D$304,">="&D$5,'Leave Log'!$F$5:$F$304,"<>Rejected",'Leave Log'!$B$5:$B$304,"UL")>0,"UL",IF(COUNTIFS('Leave Log'!$A$5:$A$304,$A25,'Leave Log'!$C$5:$C$304,"<="&D$5,'Leave Log'!$D$5:$D$304,">="&D$5,'Leave Log'!$F$5:$F$304,"<>Rejected",'Leave Log'!$B$5:$B$304,"OT")>0,"OT","")))))) | E25: =IF(OR(E$5="",$A25=""),"",IF(COUNTIFS('Leave Log'!$A$5:$A$304,$A25,'Leave Log'!$C$5:$C$304,"<="&E$5,'Leave Log'!$D$5:$D$304,">="&E$5,'Leave Log'!$F$5:$F$304,"<>Rejected",'Leave Log'!$B$5:$B$304,"AL")>0,"AL",IF(COUNTIFS('Leave Log'!$A$5:$A$304,$A25,'Leave Log'!$C$5:$C$304,"<="&E$5,'Leave Log'!$D$5:$D$304,">="&E$5,'Leave Log'!$F$5:$F$304,"<>Rejected",'Leave Log'!$B$5:$B$304,"SL")>0,"SL",IF(COUNTIFS('Leave Log'!$A$5:$A$304,$A25,'Leave Log'!$C$5:$C$304,"<="&E$5,'Leave Log'!$D$5:$D$304,">="&E$5,'Leave Log'!$F$5:$F$304,"<>Rejected",'Leave Log'!$B$5:$B$304,"CL")>0,"CL",IF(COUNTIFS('Leave Log'!$A$5:$A$304,$A25,'Leave Log'!$C$5:$C$304,"<="&E$5,'Leave Log'!$D$5:$D$304,">="&E$5,'Leave Log'!$F$5:$F$304,"<>Rejected",'Leave Log'!$B$5:$B$304,"UL")>0,"UL",IF(COUNTIFS('Leave Log'!$A$5:$A$304,$A25,'Leave Log'!$C$5:$C$304,"<="&E$5,'Leave Log'!$D$5:$D$304,">="&E$5,'Leave Log'!$F$5:$F$304,"<>Rejected",'Leave Log'!$B$5:$B$304,"OT")>0,"OT","")))))) | F25: =IF(OR(F$5="",$A25=""),"",IF(COUNTIFS('Leave Log'!$A$5:$A$304,$A25,'Leave Log'!$C$5:$C$304,"<="&F$5,'Leave Log'!$D$5:$D$304,">="&F$5,'Leave Log'!$F$5:$F$304,"<>Rejected",'Leave Log'!$B$5:$B$304,"AL")>0,"AL",IF(COUNTIFS('Leave Log'!$A$5:$A$304,$A25,'Leave Log'!$C$5:$C$304,"<="&F$5,'Leave Log'!$D$5:$D$304,">="&F$5,'Leave Log'!$F$5:$F$304,"<>Rejected",'Leave Log'!$B$5:$B$304,"SL")>0,"SL",IF(COUNTIFS('Leave Log'!$A$5:$A$304,$A25,'Leave Log'!$C$5:$C$304,"<="&F$5,'Leave Log'!$D$5:$D$304,">="&F$5,'Leave Log'!$F$5:$F$304,"<>Rejected",'Leave Log'!$B$5:$B$304,"CL")>0,"CL",IF(COUNTIFS('Leave Log'!$A$5:$A$304,$A25,'Leave Log'!$C$5:$C$304,"<="&F$5,'Leave Log'!$D$5:$D$304,">="&F$5,'Leave Log'!$F$5:$F$304,"<>Rejected",'Leave Log'!$B$5:$B$304,"UL")>0,"UL",IF(COUNTIFS('Leave Log'!$A$5:$A$304,$A25,'Leave Log'!$C$5:$C$304,"<="&F$5,'Leave Log'!$D$5:$D$304,">="&F$5,'Leave Log'!$F$5:$F$304,"<>Rejected",'Leave Log'!$B$5:$B$304,"OT")>0,"OT","")))))) | G25: =IF(OR(G$5="",$A25=""),"",IF(COUNTIFS('Leave Log'!$A$5:$A$304,$A25,'Leave Log'!$C$5:$C$304,"<="&G$5,'Leave Log'!$D$5:$D$304,">="&G$5,'Leave Log'!$F$5:$F$304,"<>Rejected",'Leave Log'!$B$5:$B$304,"AL")>0,"AL",IF(COUNTIFS('Leave Log'!$A$5:$A$304,$A25,'Leave Log'!$C$5:$C$304,"<="&G$5,'Leave Log'!$D$5:$D$304,">="&G$5,'Leave Log'!$F$5:$F$304,"<>Rejected",'Leave Log'!$B$5:$B$304,"SL")>0,"SL",IF(COUNTIFS('Leave Log'!$A$5:$A$304,$A25,'Leave Log'!$C$5:$C$304,"<="&G$5,'Leave Log'!$D$5:$D$304,">="&G$5,'Leave Log'!$F$5:$F$304,"<>Rejected",'Leave Log'!$B$5:$B$304,"CL")>0,"CL",IF(COUNTIFS('Leave Log'!$A$5:$A$304,$A25,'Leave Log'!$C$5:$C$304,"<="&G$5,'Leave Log'!$D$5:$D$304,">="&G$5,'Leave Log'!$F$5:$F$304,"<>Rejected",'Leave Log'!$B$5:$B$304,"UL")>0,"UL",IF(COUNTIFS('Leave Log'!$A$5:$A$304,$A25,'Leave Log'!$C$5:$C$304,"<="&G$5,'Leave Log'!$D$5:$D$304,">="&G$5,'Leave Log'!$F$5:$F$304,"<>Rejected",'Leave Log'!$B$5:$B$304,"OT")>0,"OT","")))))) | H25: =IF(OR(H$5="",$A25=""),"",IF(COUNTIFS('Leave Log'!$A$5:$A$304,$A25,'Leave Log'!$C$5:$C$304,"<="&H$5,'Leave Log'!$D$5:$D$304,">="&H$5,'Leave Log'!$F$5:$F$304,"<>Rejected",'Leave Log'!$B$5:$B$304,"AL")>0,"AL",IF(COUNTIFS('Leave Log'!$A$5:$A$304,$A25,'Leave Log'!$C$5:$C$304,"<="&H$5,'Leave Log'!$D$5:$D$304,">="&H$5,'Leave Log'!$F$5:$F$304,"<>Rejected",'Leave Log'!$B$5:$B$304,"SL")>0,"SL",IF(COUNTIFS('Leave Log'!$A$5:$A$304,$A25,'Leave Log'!$C$5:$C$304,"<="&H$5,'Leave Log'!$D$5:$D$304,">="&H$5,'Leave Log'!$F$5:$F$304,"<>Rejected",'Leave Log'!$B$5:$B$304,"CL")>0,"CL",IF(COUNTIFS('Leave Log'!$A$5:$A$304,$A25,'Leave Log'!$C$5:$C$304,"<="&H$5,'Leave Log'!$D$5:$D$304,">="&H$5,'Leave Log'!$F$5:$F$304,"<>Rejected",'Leave Log'!$B$5:$B$304,"UL")>0,"UL",IF(COUNTIFS('Leave Log'!$A$5:$A$304,$A25,'Leave Log'!$C$5:$C$304,"<="&H$5,'Leave Log'!$D$5:$D$304,">="&H$5,'Leave Log'!$F$5:$F$304,"<>Rejected",'Leave Log'!$B$5:$B$304,"OT")>0,"OT","")))))) | I25: =IF(OR(I$5="",$A25=""),"",IF(COUNTIFS('Leave Log'!$A$5:$A$304,$A25,'Leave Log'!$C$5:$C$304,"<="&I$5,'Leave Log'!$D$5:$D$304,">="&I$5,'Leave Log'!$F$5:$F$304,"<>Rejected",'Leave Log'!$B$5:$B$304,"AL")>0,"AL",IF(COUNTIFS('Leave Log'!$A$5:$A$304,$A25,'Leave Log'!$C$5:$C$304,"<="&I$5,'Leave Log'!$D$5:$D$304,">="&I$5,'Leave Log'!$F$5:$F$304,"<>Rejected",'Leave Log'!$B$5:$B$304,"SL")>0,"SL",IF(COUNTIFS('Leave Log'!$A$5:$A$304,$A25,'Leave Log'!$C$5:$C$304,"<="&I$5,'Leave Log'!$D$5:$D$304,">="&I$5,'Leave Log'!$F$5:$F$304,"<>Rejected",'Leave Log'!$B$5:$B$304,"CL")>0,"CL",IF(COUNTIFS('Leave Log'!$A$5:$A$304,$A25,'Leave Log'!$C$5:$C$304,"<="&I$5,'Leave Log'!$D$5:$D$304,">="&I$5,'Leave Log'!$F$5:$F$304,"<>Rejected",'Leave Log'!$B$5:$B$304,"UL")>0,"UL",IF(COUNTIFS('Leave Log'!$A$5:$A$304,$A25,'Leave Log'!$C$5:$C$304,"<="&I$5,'Leave Log'!$D$5:$D$304,">="&I$5,'Leave Log'!$F$5:$F$304,"<>Rejected",'Leave Log'!$B$5:$B$304,"OT")>0,"OT","")))))) | J25: =IF(OR(J$5="",$A25=""),"",IF(COUNTIFS('Leave Log'!$A$5:$A$304,$A25,'Leave Log'!$C$5:$C$304,"<="&J$5,'Leave Log'!$D$5:$D$304,">="&J$5,'Leave Log'!$F$5:$F$304,"<>Rejected",'Leave Log'!$B$5:$B$304,"AL")>0,"AL",IF(COUNTIFS('Leave Log'!$A$5:$A$304,$A25,'Leave Log'!$C$5:$C$304,"<="&J$5,'Leave Log'!$D$5:$D$304,">="&J$5,'Leave Log'!$F$5:$F$304,"<>Rejected",'Leave Log'!$B$5:$B$304,"SL")>0,"SL",IF(COUNTIFS('Leave Log'!$A$5:$A$304,$A25,'Leave Log'!$C$5:$C$304,"<="&J$5,'Leave Log'!$D$5:$D$304,">="&J$5,'Leave Log'!$F$5:$F$304,"<>Rejected",'Leave Log'!$B$5:$B$304,"CL")>0,"CL",IF(COUNTIFS('Leave Log'!$A$5:$A$304,$A25,'Leave Log'!$C$5:$C$304,"<="&J$5,'Leave Log'!$D$5:$D$304,">="&J$5,'Leave Log'!$F$5:$F$304,"<>Rejected",'Leave Log'!$B$5:$B$304,"UL")>0,"UL",IF(COUNTIFS('Leave Log'!$A$5:$A$304,$A25,'Leave Log'!$C$5:$C$304,"<="&J$5,'Leave Log'!$D$5:$D$304,">="&J$5,'Leave Log'!$F$5:$F$304,"<>Rejected",'Leave Log'!$B$5:$B$304,"OT")>0,"OT","")))))) | ... AG25: =IF(OR(AG$5="",$A25=""),"",IF(COUNTIFS('Leave Log'!$A$5:$A$304,$A25,'Leave Log'!$C$5:$C$304,"<="&AG$5,'Leave Log'!$D$5:$D$304,">="&AG$5,'Leave Log'!$F$5:$F$304,"<>Rejected",'Leave Log'!$B$5:$B$304,"AL")>0,"AL",IF(COUNTIFS('Leave Log'!$A$5:$A$304,$A25,'Leave Log'!$C$5:$C$304,"<="&AG$5,'Leave Log'!$D$5:$D$304,">="&AG$5,'Leave Log'!$F$5:$F$304,"<>Rejected",'Leave Log'!$B$5:$B$304,"SL")>0,"SL",IF(COUNTIFS('Leave Log'!$A$5:$A$304,$A25,'Leave Log'!$C$5:$C$304,"<="&AG$5,'Leave Log'!$D$5:$D$304,">="&AG$5,'Leave Log'!$F$5:$F$304,"<>Rejected",'Leave Log'!$B$5:$B$304,"CL")>0,"CL",IF(COUNTIFS('Leave Log'!$A$5:$A$304,$A25,'Leave Log'!$C$5:$C$304,"<="&AG$5,'Leave Log'!$D$5:$D$304,">="&AG$5,'Leave Log'!$F$5:$F$304,"<>Rejected",'Leave Log'!$B$5:$B$304,"UL")>0,"UL",IF(COUNTIFS('Leave Log'!$A$5:$A$304,$A25,'Leave Log'!$C$5:$C$304,"<="&AG$5,'Leave Log'!$D$5:$D$304,">="&AG$5,'Leave Log'!$F$5:$F$304,"<>Rejected",'Leave Log'!$B$5:$B$304,"OT")>0,"OT",""))))))
A26: Staff on leave | C26: =IF(C$5="","",COUNTIF(C6:C25,"?*")) -> 0 | D26: =IF(D$5="","",COUNTIF(D6:D25,"?*")) -> 0 | E26: =IF(E$5="","",COUNTIF(E6:E25,"?*")) -> 0 | F26: =IF(F$5="","",COUNTIF(F6:F25,"?*")) -> 0 | G26: =IF(G$5="","",COUNTIF(G6:G25,"?*")) -> 0 | H26: =IF(H$5="","",COUNTIF(H6:H25,"?*")) -> 0 | I26: =IF(I$5="","",COUNTIF(I6:I25,"?*")) -> 0 | J26: =IF(J$5="","",COUNTIF(J6:J25,"?*")) -> 0 | ... AG26: =IF(AG$5="","",COUNTIF(AG6:AG25,"?*")) -> 1
A27: Staff available | C27: =IF(C$5="","",IF(OR(WEEKDAY(C$5,2)>5,COUNTIF(Setup!$G$9:$G$23,C$5)>0),"",COUNTA(Employees!$B$5:$B$24)-C26)) | D27: =IF(D$5="","",IF(OR(WEEKDAY(D$5,2)>5,COUNTIF(Setup!$G$9:$G$23,D$5)>0),"",COUNTA(Employees!$B$5:$B$24)-D26)) -> 8 | E27: =IF(E$5="","",IF(OR(WEEKDAY(E$5,2)>5,COUNTIF(Setup!$G$9:$G$23,E$5)>0),"",COUNTA(Employees!$B$5:$B$24)-E26)) | F27: =IF(F$5="","",IF(OR(WEEKDAY(F$5,2)>5,COUNTIF(Setup!$G$9:$G$23,F$5)>0),"",COUNTA(Employees!$B$5:$B$24)-F26)) | G27: =IF(G$5="","",IF(OR(WEEKDAY(G$5,2)>5,COUNTIF(Setup!$G$9:$G$23,G$5)>0),"",COUNTA(Employees!$B$5:$B$24)-G26)) -> 8 | H27: =IF(H$5="","",IF(OR(WEEKDAY(H$5,2)>5,COUNTIF(Setup!$G$9:$G$23,H$5)>0),"",COUNTA(Employees!$B$5:$B$24)-H26)) -> 8 | I27: =IF(I$5="","",IF(OR(WEEKDAY(I$5,2)>5,COUNTIF(Setup!$G$9:$G$23,I$5)>0),"",COUNTA(Employees!$B$5:$B$24)-I26)) -> 8 | J27: =IF(J$5="","",IF(OR(WEEKDAY(J$5,2)>5,COUNTIF(Setup!$G$9:$G$23,J$5)>0),"",COUNTA(Employees!$B$5:$B$24)-J26)) -> 8 | ... AG27: =IF(AG$5="","",IF(OR(WEEKDAY(AG$5,2)>5,COUNTIF(Setup!$G$9:$G$23,AG$5)>0),"",COUNTA(Employees!$B$5:$B$24)-AG26))
A28: Cover below minimum? | C28: =IF(C27="","",IF(C27<Setup!$B$5,"!","")) | D28: =IF(D27="","",IF(D27<Setup!$B$5,"!","")) | E28: =IF(E27="","",IF(E27<Setup!$B$5,"!","")) | F28: =IF(F27="","",IF(F27<Setup!$B$5,"!","")) | G28: =IF(G27="","",IF(G27<Setup!$B$5,"!","")) | H28: =IF(H27="","",IF(H27<Setup!$B$5,"!","")) | I28: =IF(I27="","",IF(I27<Setup!$B$5,"!","")) | J28: =IF(J27="","",IF(J27<Setup!$B$5,"!","")) | ... AG28: =IF(AG27="","",IF(AG27<Setup!$B$5,"!",""))
A30: Legend
A31: AL – Annual Leave
A32: SL – Sick Leave
A33: CL – Casual Leave
A34: UL – Unpaid Leave
A35: OT – Other / Training
A36: Grey = weekend / public holiday
A37: Edit leave requests on 'Leave Log'; this sheet updates automatically.

Sheet Setup
A1: Leave Roster – Setup
A2: Yellow cells with blue text are inputs you can change. Everything else calculates.
A4: Roster year | B4: 2026
A5: Minimum staff required per day | B5: 3
A6: Counted statuses | B6: Approved and Pending count on the roster; Rejected is ignored.
A8: Code | B8: Leave type | C8: Counts against annual entitlement? (Y/N) | D8: Colour | F8: Holiday | G8: Date
A9: AL | B9: Annual Leave | C9: Y | D9: C6E0B4 | F9: New Year's Day | G9: 46023
A10: SL | B10: Sick Leave | C10: N | D10: F8CBAD | F10: Good Friday | G10: 46115
A11: CL | B11: Casual Leave | C11: N | D11: BDD7EE | F11: Labour Day | G11: 46143
A12: UL | B12: Unpaid Leave | C12: N | D12: D9D9D9 | F12: Independence Day | G12: 46296
A13: OT | B13: Other / Training | C13: N | D13: E4DFEC | F13: Christmas Day | G13: 46381
F14: Boxing Day | G14: 46382
F24: Sample holidays only (assumed) – replace with your country's official calendar.

Sheet Employees
A1: Employees
A2: Add staff in the yellow rows (up to 20). Annual entitlement is in working days.
A4: ID | B4: Employee name | C4: Department | D4: Annual leave entitlement (days) | E4: Carry-over from last year (days) | F4: Total available (days)
A5: E001 | B5: Amina Yusuf | C5: Operations | D5: 21 | E5: 3 | F5: =IF(B5="","",D5+E5) -> 24
A6: E002 | B6: Brian Okafor | C6: Operations | D6: 21 | E6: 0 | F6: =IF(B6="","",D6+E6) -> 21
A7: E003 | B7: Chloe Martin | C7: Finance | D7: 24 | E7: 2 | F7: =IF(B7="","",D7+E7) -> 26
A8: E004 | B8: David Chen | C8: Finance | D8: 21 | E8: 5 | F8: =IF(B8="","",D8+E8) -> 26
A9: E005 | B9: Esther Mensah | C9: HR | D9: 24 | E9: 0 | F9: =IF(B9="","",D9+E9) -> 24
A10: E006 | B10: Farid Khan | C10: IT | D10: 21 | E10: 1 | F10: =IF(B10="","",D10+E10) -> 22
A11: E007 | B11: Grace Lee | C11: IT | D11: 21 | E11: 0 | F11: =IF(B11="","",D11+E11) -> 21
A12: E008 | B12: Hassan Ali | C12: Sales | D12: 21 | E12: 4 | F12: =IF(B12="","",D12+E12) -> 25
F13: =IF(B13="","",D13+E13)
F14: =IF(B14="","",D14+E14)
F15: =IF(B15="","",D15+E15)
F16: =IF(B16="","",D16+E16)
F17: =IF(B17="","",D17+E17)
F18: =IF(B18="","",D18+E18)
F19: =IF(B19="","",D19+E19)
F20: =IF(B20="","",D20+E20)
F21: =IF(B21="","",D21+E21)
F22: =IF(B22="","",D22+E22)
F23: =IF(B23="","",D23+E23)
F24: =IF(B24="","",D24+E24)

Sheet Leave Log
A1: Leave Log
A2: One row per leave request. Days = working days (Mon–Fri) excluding public holidays on Setup.
A4: Employee | B4: Leave code | C4: Start date | D4: End date | E4: Working days | F4: Status | G4: Notes
A5: Amina Yusuf | B5: AL | C5: 46321 | D5: 46325 | E5: =IF(OR(C5="",D5=""),"",IF(D5<C5,"Check dates",NETWORKDAYS(C5,D5,Setup!$G$9:$G$23))) -> 5 | F5: Approved | G5: Family trip
A6: Brian Okafor | B6: SL | C6: 46317 | D6: 46318 | E6: =IF(OR(C6="",D6=""),"",IF(D6<C6,"Check dates",NETWORKDAYS(C6,D6,Setup!$G$9:$G$23))) -> 2 | F6: Approved | G6: Medical certificate on file
A7: Chloe Martin | B7: AL | C7: 46323 | D7: 46330 | E7: =IF(OR(C7="",D7=""),"",IF(D7<C7,"Check dates",NETWORKDAYS(C7,D7,Setup!$G$9:$G$23))) -> 6 | F7: Pending | G7: Awaiting manager sign-off
A8: David Chen | B8: CL | C8: 46324 | D8: 46324 | E8: =IF(OR(C8="",D8=""),"",IF(D8<C8,"Check dates",NETWORKDAYS(C8,D8,Setup!$G$9:$G$23))) -> 1 | F8: Approved
A9: Farid Khan | B9: AL | C9: 46321 | D9: 46323 | E9: =IF(OR(C9="",D9=""),"",IF(D9<C9,"Check dates",NETWORKDAYS(C9,D9,Setup!$G$9:$G$23))) -> 3 | F9: Approved
A10: Hassan Ali | B10: UL | C10: 46335 | D10: 46339 | E10: =IF(OR(C10="",D10=""),"",IF(D10<C10,"Check dates",NETWORKDAYS(C10,D10,Setup!$G$9:$G$23))) -> 5 | F10: Rejected | G10: Peak sales period
A11: Esther Mensah | B11: OT | C11: 46328 | D11: 46329 | E11: =IF(OR(C11="",D11=""),"",IF(D11<C11,"Check dates",NETWORKDAYS(C11,D11,Setup!$G$9:$G$23))) -> 2 | F11: Approved | G11: HR training course
E12: =IF(OR(C12="",D12=""),"",IF(D12<C12,"Check dates",NETWORKDAYS(C12,D12,Setup!$G$9:$G$23)))
E13: =IF(OR(C13="",D13=""),"",IF(D13<C13,"Check dates",NETWORKDAYS(C13,D13,Setup!$G$9:$G$23)))
E14: =IF(OR(C14="",D14=""),"",IF(D14<C14,"Check dates",NETWORKDAYS(C14,D14,Setup!$G$9:$G$23)))
E15: =IF(OR(C15="",D15=""),"",IF(D15<C15,"Check dates",NETWORKDAYS(C15,D15,Setup!$G$9:$G$23)))
E16: =IF(OR(C16="",D16=""),"",IF(D16<C16,"Check dates",NETWORKDAYS(C16,D16,Setup!$G$9:$G$23)))
E17: =IF(OR(C17="",D17=""),"",IF(D17<C17,"Check dates",NETWORKDAYS(C17,D17,Setup!$G$9:$G$23)))
E18: =IF(OR(C18="",D18=""),"",IF(D18<C18,"Check dates",NETWORKDAYS(C18,D18,Setup!$G$9:$G$23)))
E19: =IF(OR(C19="",D19=""),"",IF(D19<C19,"Check dates",NETWORKDAYS(C19,D19,Setup!$G$9:$G$23)))
E20: =IF(OR(C20="",D20=""),"",IF(D20<C20,"Check dates",NETWORKDAYS(C20,D20,Setup!$G$9:$G$23)))
E21: =IF(OR(C21="",D21=""),"",IF(D21<C21,"Check dates",NETWORKDAYS(C21,D21,Setup!$G$9:$G$23)))
E22: =IF(OR(C22="",D22=""),"",IF(D22<C22,"Check dates",NETWORKDAYS(C22,D22,Setup!$G$9:$G$23)))
E23: =IF(OR(C23="",D23=""),"",IF(D23<C23,"Check dates",NETWORKDAYS(C23,D23,Setup!$G$9:$G$23)))
... E304: =IF(OR(C304="",D304=""),"",IF(D304<C304,"Check dates",NETWORKDAYS(C304,D304,Setup!$G$9:$G$23)))

Sheet Balances
A1: Leave Balances
A2: Only Approved leave is deducted. Pending days are shown separately.
A4: Employee | B4: Department | C4: Total annual available | D4: Annual Leave used | E4: Sick Leave used | F4: Casual Leave used | G4: Unpaid Leave used | H4: Other / Training used | I4: Annual leave pending | J4: Annual balance remaining | K4: % annual used
A5: =IF(Employees!B5="","",Employees!B5) -> Amina Yusuf | B5: =IF(A5="","",Employees!C5) -> Operations | C5: =IF(A5="","",Employees!F5) -> 24 | D5: =IF($A5="","",SUMIFS('Leave Log'!$E$5:$E$304,'Leave Log'!$A$5:$A$304,$A5,'Leave Log'!$B$5:$B$304,"AL",'Leave Log'!$F$5:$F$304,"Approved")) -> 5 | E5: =IF($A5="","",SUMIFS('Leave Log'!$E$5:$E$304,'Leave Log'!$A$5:$A$304,$A5,'Leave Log'!$B$5:$B$304,"SL",'Leave Log'!$F$5:$F$304,"Approved")) -> 0 | F5: =IF($A5="","",SUMIFS('Leave Log'!$E$5:$E$304,'Leave Log'!$A$5:$A$304,$A5,'Leave Log'!$B$5:$B$304,"CL",'Leave Log'!$F$5:$F$304,"Approved")) -> 0 | G5: =IF($A5="","",SUMIFS('Leave Log'!$E$5:$E$304,'Leave Log'!$A$5:$A$304,$A5,'Leave Log'!$B$5:$B$304,"UL",'Leave Log'!$F$5:$F$304,"Approved")) -> 0 | H5: =IF($A5="","",SUMIFS('Leave Log'!$E$5:$E$304,'Leave Log'!$A$5:$A$304,$A5,'Leave Log'!$B$5:$B$304,"OT",'Leave Log'!$F$5:$F$304,"Approved")) -> 0 | I5: =IF(A5="","",SUMIFS('Leave Log'!$E$5:$E$304,'Leave Log'!$A$5:$A$304,$A5,'Leave Log'!$B$5:$B$304,"AL",'Leave Log'!$F$5:$F$304,"Pending")) -> 0 | J5: =IF(A5="","",C5-D5) -> 19 | K5: =IF(OR(A5="",C5=0),"",D5/C5) -> 0.20833333
A6: =IF(Employees!B6="","",Employees!B6) -> Brian Okafor | B6: =IF(A6="","",Employees!C6) -> Operations | C6: =IF(A6="","",Employees!F6) -> 21 | D6: =IF($A6="","",SUMIFS('Leave Log'!$E$5:$E$304,'Leave Log'!$A$5:$A$304,$A6,'Leave Log'!$B$5:$B$304,"AL",'Leave Log'!$F$5:$F$304,"Approved")) -> 0 | E6: =IF($A6="","",SUMIFS('Leave Log'!$E$5:$E$304,'Leave Log'!$A$5:$A$304,$A6,'Leave Log'!$B$5:$B$304,"SL",'Leave Log'!$F$5:$F$304,"Approved")) -> 2 | F6: =IF($A6="","",SUMIFS('Leave Log'!$E$5:$E$304,'Leave Log'!$A$5:$A$304,$A6,'Leave Log'!$B$5:$B$304,"CL",'Leave Log'!$F$5:$F$304,"Approved")) -> 0 | G6: =IF($A6="","",SUMIFS('Leave Log'!$E$5:$E$304,'Leave Log'!$A$5:$A$304,$A6,'Leave Log'!$B$5:$B$304,"UL",'Leave Log'!$F$5:$F$304,"Approved")) -> 0 | H6: =IF($A6="","",SUMIFS('Leave Log'!$E$5:$E$304,'Leave Log'!$A$5:$A$304,$A6,'Leave Log'!$B$5:$B$304,"OT",'Leave Log'!$F$5:$F$304,"Approved")) -> 0 | I6: =IF(A6="","",SUMIFS('Leave Log'!$E$5:$E$304,'Leave Log'!$A$5:$A$304,$A6,'Leave Log'!$B$5:$B$304,"AL",'Leave Log'!$F$5:$F$304,"Pending")) -> 0 | J6: =IF(A6="","",C6-D6) -> 21 | K6: =IF(OR(A6="",C6=0),"",D6/C6) -> 0
A7: =IF(Employees!B7="","",Employees!B7) -> Chloe Martin | B7: =IF(A7="","",Employees!C7) -> Finance | C7: =IF(A7="","",Employees!F7) -> 26 | D7: =IF($A7="","",SUMIFS('Leave Log'!$E$5:$E$304,'Leave Log'!$A$5:$A$304,$A7,'Leave Log'!$B$5:$B$304,"AL",'Leave Log'!$F$5:$F$304,"Approved")) -> 0 | E7: =IF($A7="","",SUMIFS('Leave Log'!$E$5:$E$304,'Leave Log'!$A$5:$A$304,$A7,'Leave Log'!$B$5:$B$304,"SL",'Leave Log'!$F$5:$F$304,"Approved")) -> 0 | F7: =IF($A7="","",SUMIFS('Leave Log'!$E$5:$E$304,'Leave Log'!$A$5:$A$304,$A7,'Leave Log'!$B$5:$B$304,"CL",'Leave Log'!$F$5:$F$304,"Approved")) -> 0 | G7: =IF($A7="","",SUMIFS('Leave Log'!$E$5:$E$304,'Leave Log'!$A$5:$A$304,$A7,'Leave Log'!$B$5:$B$304,"UL",'Leave Log'!$F$5:$F$304,"Approved")) -> 0 | H7: =IF($A7="","",SUMIFS('Leave Log'!$E$5:$E$304,'Leave Log'!$A$5:$A$304,$A7,'Leave Log'!$B$5:$B$304,"OT",'Leave Log'!$F$5:$F$304,"Approved")) -> 0 | I7: =IF(A7="","",SUMIFS('Leave Log'!$E$5:$E$304,'Leave Log'!$A$5:$A$304,$A7,'Leave Log'!$B$5:$B$304,"AL",'Leave Log'!$F$5:$F$304,"Pending")) -> 6 | J7: =IF(A7="","",C7-D7) -> 26 | K7: =IF(OR(A7="",C7=0),"",D7/C7) -> 0
A8: =IF(Employees!B8="","",Employees!B8) -> David Chen | B8: =IF(A8="","",Employees!C8) -> Finance | C8: =IF(A8="","",Employees!F8) -> 26 | D8: =IF($A8="","",SUMIFS('Leave Log'!$E$5:$E$304,'Leave Log'!$A$5:$A$304,$A8,'Leave Log'!$B$5:$B$304,"AL",'Leave Log'!$F$5:$F$304,"Approved")) -> 0 | E8: =IF($A8="","",SUMIFS('Leave Log'!$E$5:$E$304,'Leave Log'!$A$5:$A$304,$A8,'Leave Log'!$B$5:$B$304,"SL",'Leave Log'!$F$5:$F$304,"Approved")) -> 0 | F8: =IF($A8="","",SUMIFS('Leave Log'!$E$5:$E$304,'Leave Log'!$A$5:$A$304,$A8,'Leave Log'!$B$5:$B$304,"CL",'Leave Log'!$F$5:$F$304,"Approved")) -> 1 | G8: =IF($A8="","",SUMIFS('Leave Log'!$E$5:$E$304,'Leave Log'!$A$5:$A$304,$A8,'Leave Log'!$B$5:$B$304,"UL",'Leave Log'!$F$5:$F$304,"Approved")) -> 0 | H8: =IF($A8="","",SUMIFS('Leave Log'!$E$5:$E$304,'Leave Log'!$A$5:$A$304,$A8,'Leave Log'!$B$5:$B$304,"OT",'Leave Log'!$F$5:$F$304,"Approved")) -> 0 | I8: =IF(A8="","",SUMIFS('Leave Log'!$E$5:$E$304,'Leave Log'!$A$5:$A$304,$A8,'Leave Log'!$B$5:$B$304,"AL",'Leave Log'!$F$5:$F$304,"Pending")) -> 0 | J8: =IF(A8="","",C8-D8) -> 26 | K8: =IF(OR(A8="",C8=0),"",D8/C8) -> 0
A9: =IF(Employees!B9="","",Employees!B9) -> Esther Mensah | B9: =IF(A9="","",Employees!C9) -> HR | C9: =IF(A9="","",Employees!F9) -> 24 | D9: =IF($A9="","",SUMIFS('Leave Log'!$E$5:$E$304,'Leave Log'!$A$5:$A$304,$A9,'Leave Log'!$B$5:$B$304,"AL",'Leave Log'!$F$5:$F$304,"Approved")) -> 0 | E9: =IF($A9="","",SUMIFS('Leave Log'!$E$5:$E$304,'Leave Log'!$A$5:$A$304,$A9,'Leave Log'!$B$5:$B$304,"SL",'Leave Log'!$F$5:$F$304,"Approved")) -> 0 | F9: =IF($A9="","",SUMIFS('Leave Log'!$E$5:$E$304,'Leave Log'!$A$5:$A$304,$A9,'Leave Log'!$B$5:$B$304,"CL",'Leave Log'!$F$5:$F$304,"Approved")) -> 0 | G9: =IF($A9="","",SUMIFS('Leave Log'!$E$5:$E$304,'Leave Log'!$A$5:$A$304,$A9,'Leave Log'!$B$5:$B$304,"UL",'Leave Log'!$F$5:$F$304,"Approved")) -> 0 | H9: =IF($A9="","",SUMIFS('Leave Log'!$E$5:$E$304,'Leave Log'!$A$5:$A$304,$A9,'Leave Log'!$B$5:$B$304,"OT",'Leave Log'!$F$5:$F$304,"Approved")) -> 2 | I9: =IF(A9="","",SUMIFS('Leave Log'!$E$5:$E$304,'Leave Log'!$A$5:$A$304,$A9,'Leave Log'!$B$5:$B$304,"AL",'Leave Log'!$F$5:$F$304,"Pending")) -> 0 | J9: =IF(A9="","",C9-D9) -> 24 | K9: =IF(OR(A9="",C9=0),"",D9/C9) -> 0
A10: =IF(Employees!B10="","",Employees!B10) -> Farid Khan | B10: =IF(A10="","",Employees!C10) -> IT | C10: =IF(A10="","",Employees!F10) -> 22 | D10: =IF($A10="","",SUMIFS('Leave Log'!$E$5:$E$304,'Leave Log'!$A$5:$A$304,$A10,'Leave Log'!$B$5:$B$304,"AL",'Leave Log'!$F$5:$F$304,"Approved")) -> 3 | E10: =IF($A10="","",SUMIFS('Leave Log'!$E$5:$E$304,'Leave Log'!$A$5:$A$304,$A10,'Leave Log'!$B$5:$B$304,"SL",'Leave Log'!$F$5:$F$304,"Approved")) -> 0 | F10: =IF($A10="","",SUMIFS('Leave Log'!$E$5:$E$304,'Leave Log'!$A$5:$A$304,$A10,'Leave Log'!$B$5:$B$304,"CL",'Leave Log'!$F$5:$F$304,"Approved")) -> 0 | G10: =IF($A10="","",SUMIFS('Leave Log'!$E$5:$E$304,'Leave Log'!$A$5:$A$304,$A10,'Leave Log'!$B$5:$B$304,"UL",'Leave Log'!$F$5:$F$304,"Approved")) -> 0 | H10: =IF($A10="","",SUMIFS('Leave Log'!$E$5:$E$304,'Leave Log'!$A$5:$A$304,$A10,'Leave Log'!$B$5:$B$304,"OT",'Leave Log'!$F$5:$F$304,"Approved")) -> 0 | I10: =IF(A10="","",SUMIFS('Leave Log'!$E$5:$E$304,'Leave Log'!$A$5:$A$304,$A10,'Leave Log'!$B$5:$B$304,"AL",'Leave Log'!$F$5:$F$304,"Pending")) -> 0 | J10: =IF(A10="","",C10-D10) -> 19 | K10: =IF(OR(A10="",C10=0),"",D10/C10) -> 0.13636364
A11: =IF(Employees!B11="","",Employees!B11) -> Grace Lee | B11: =IF(A11="","",Employees!C11) -> IT | C11: =IF(A11="","",Employees!F11) -> 21 | D11: =IF($A11="","",SUMIFS('Leave Log'!$E$5:$E$304,'Leave Log'!$A$5:$A$304,$A11,'Leave Log'!$B$5:$B$304,"AL",'Leave Log'!$F$5:$F$304,"Approved")) -> 0 | E11: =IF($A11="","",SUMIFS('Leave Log'!$E$5:$E$304,'Leave Log'!$A$5:$A$304,$A11,'Leave Log'!$B$5:$B$304,"SL",'Leave Log'!$F$5:$F$304,"Approved")) -> 0 | F11: =IF($A11="","",SUMIFS('Leave Log'!$E$5:$E$304,'Leave Log'!$A$5:$A$304,$A11,'Leave Log'!$B$5:$B$304,"CL",'Leave Log'!$F$5:$F$304,"Approved")) -> 0 | G11: =IF($A11="","",SUMIFS('Leave Log'!$E$5:$E$304,'Leave Log'!$A$5:$A$304,$A11,'Leave Log'!$B$5:$B$304,"UL",'Leave Log'!$F$5:$F$304,"Approved")) -> 0 | H11: =IF($A11="","",SUMIFS('Leave Log'!$E$5:$E$304,'Leave Log'!$A$5:$A$304,$A11,'Leave Log'!$B$5:$B$304,"OT",'Leave Log'!$F$5:$F$304,"Approved")) -> 0 | I11: =IF(A11="","",SUMIFS('Leave Log'!$E$5:$E$304,'Leave Log'!$A$5:$A$304,$A11,'Leave Log'!$B$5:$B$304,"AL",'Leave Log'!$F$5:$F$304,"Pending")) -> 0 | J11: =IF(A11="","",C11-D11) -> 21 | K11: =IF(OR(A11="",C11=0),"",D11/C11) -> 0
A12: =IF(Employees!B12="","",Employees!B12) -> Hassan Ali | B12: =IF(A12="","",Employees!C12) -> Sales | C12: =IF(A12="","",Employees!F12) -> 25 | D12: =IF($A12="","",SUMIFS('Leave Log'!$E$5:$E$304,'Leave Log'!$A$5:$A$304,$A12,'Leave Log'!$B$5:$B$304,"AL",'Leave Log'!$F$5:$F$304,"Approved")) -> 0 | E12: =IF($A12="","",SUMIFS('Leave Log'!$E$5:$E$304,'Leave Log'!$A$5:$A$304,$A12,'Leave Log'!$B$5:$B$304,"SL",'Leave Log'!$F$5:$F$304,"Approved")) -> 0 | F12: =IF($A12="","",SUMIFS('Leave Log'!$E$5:$E$304,'Leave Log'!$A$5:$A$304,$A12,'Leave Log'!$B$5:$B$304,"CL",'Leave Log'!$F$5:$F$304,"Approved")) -> 0 | G12: =IF($A12="","",SUMIFS('Leave Log'!$E$5:$E$304,'Leave Log'!$A$5:$A$304,$A12,'Leave Log'!$B$5:$B$304,"UL",'Leave Log'!$F$5:$F$304,"Approved")) -> 0 | H12: =IF($A12="","",SUMIFS('Leave Log'!$E$5:$E$304,'Leave Log'!$A$5:$A$304,$A12,'Leave Log'!$B$5:$B$304,"OT",'Leave Log'!$F$5:$F$304,"Approved")) -> 0 | I12: =IF(A12="","",SUMIFS('Leave Log'!$E$5:$E$304,'Leave Log'!$A$5:$A$304,$A12,'Leave Log'!$B$5:$B$304,"AL",'Leave Log'!$F$5:$F$304,"Pending")) -> 0 | J12: =IF(A12="","",C12-D12) -> 25 | K12: =IF(OR(A12="",C12=0),"",D12/C12) -> 0
A13: =IF(Employees!B13="","",Employees!B13) | B13: =IF(A13="","",Employees!C13) | C13: =IF(A13="","",Employees!F13) | D13: =IF($A13="","",SUMIFS('Leave Log'!$E$5:$E$304,'Leave Log'!$A$5:$A$304,$A13,'Leave Log'!$B$5:$B$304,"AL",'Leave Log'!$F$5:$F$304,"Approved")) | E13: =IF($A13="","",SUMIFS('Leave Log'!$E$5:$E$304,'Leave Log'!$A$5:$A$304,$A13,'Leave Log'!$B$5:$B$304,"SL",'Leave Log'!$F$5:$F$304,"Approved")) | F13: =IF($A13="","",SUMIFS('Leave Log'!$E$5:$E$304,'Leave Log'!$A$5:$A$304,$A13,'Leave Log'!$B$5:$B$304,"CL",'Leave Log'!$F$5:$F$304,"Approved")) | G13: =IF($A13="","",SUMIFS('Leave Log'!$E$5:$E$304,'Leave Log'!$A$5:$A$304,$A13,'Leave Log'!$B$5:$B$304,"UL",'Leave Log'!$F$5:$F$304,"Approved")) | H13: =IF($A13="","",SUMIFS('Leave Log'!$E$5:$E$304,'Leave Log'!$A$5:$A$304,$A13,'Leave Log'!$B$5:$B$304,"OT",'Leave Log'!$F$5:$F$304,"Approved")) | I13: =IF(A13="","",SUMIFS('Leave Log'!$E$5:$E$304,'Leave Log'!$A$5:$A$304,$A13,'Leave Log'!$B$5:$B$304,"AL",'Leave Log'!$F$5:$F$304,"Pending")) | J13: =IF(A13="","",C13-D13) | K13: =IF(OR(A13="",C13=0),"",D13/C13)
A14: =IF(Employees!B14="","",Employees!B14) | B14: =IF(A14="","",Employees!C14) | C14: =IF(A14="","",Employees!F14) | D14: =IF($A14="","",SUMIFS('Leave Log'!$E$5:$E$304,'Leave Log'!$A$5:$A$304,$A14,'Leave Log'!$B$5:$B$304,"AL",'Leave Log'!$F$5:$F$304,"Approved")) | E14: =IF($A14="","",SUMIFS('Leave Log'!$E$5:$E$304,'Leave Log'!$A$5:$A$304,$A14,'Leave Log'!$B$5:$B$304,"SL",'Leave Log'!$F$5:$F$304,"Approved")) | F14: =IF($A14="","",SUMIFS('Leave Log'!$E$5:$E$304,'Leave Log'!$A$5:$A$304,$A14,'Leave Log'!$B$5:$B$304,"CL",'Leave Log'!$F$5:$F$304,"Approved")) | G14: =IF($A14="","",SUMIFS('Leave Log'!$E$5:$E$304,'Leave Log'!$A$5:$A$304,$A14,'Leave Log'!$B$5:$B$304,"UL",'Leave Log'!$F$5:$F$304,"Approved")) | H14: =IF($A14="","",SUMIFS('Leave Log'!$E$5:$E$304,'Leave Log'!$A$5:$A$304,$A14,'Leave Log'!$B$5:$B$304,"OT",'Leave Log'!$F$5:$F$304,"Approved")) | I14: =IF(A14="","",SUMIFS('Leave Log'!$E$5:$E$304,'Leave Log'!$A$5:$A$304,$A14,'Leave Log'!$B$5:$B$304,"AL",'Leave Log'!$F$5:$F$304,"Pending")) | J14: =IF(A14="","",C14-D14) | K14: =IF(OR(A14="",C14=0),"",D14/C14)
A15: =IF(Employees!B15="","",Employees!B15) | B15: =IF(A15="","",Employees!C15) | C15: =IF(A15="","",Employees!F15) | D15: =IF($A15="","",SUMIFS('Leave Log'!$E$5:$E$304,'Leave Log'!$A$5:$A$304,$A15,'Leave Log'!$B$5:$B$304,"AL",'Leave Log'!$F$5:$F$304,"Approved")) | E15: =IF($A15="","",SUMIFS('Leave Log'!$E$5:$E$304,'Leave Log'!$A$5:$A$304,$A15,'Leave Log'!$B$5:$B$304,"SL",'Leave Log'!$F$5:$F$304,"Approved")) | F15: =IF($A15="","",SUMIFS('Leave Log'!$E$5:$E$304,'Leave Log'!$A$5:$A$304,$A15,'Leave Log'!$B$5:$B$304,"CL",'Leave Log'!$F$5:$F$304,"Approved")) | G15: =IF($A15="","",SUMIFS('Leave Log'!$E$5:$E$304,'Leave Log'!$A$5:$A$304,$A15,'Leave Log'!$B$5:$B$304,"UL",'Leave Log'!$F$5:$F$304,"Approved")) | H15: =IF($A15="","",SUMIFS('Leave Log'!$E$5:$E$304,'Leave Log'!$A$5:$A$304,$A15,'Leave Log'!$B$5:$B$304,"OT",'Leave Log'!$F$5:$F$304,"Approved")) | I15: =IF(A15="","",SUMIFS('Leave Log'!$E$5:$E$304,'Leave Log'!$A$5:$A$304,$A15,'Leave Log'!$B$5:$B$304,"AL",'Leave Log'!$F$5:$F$304,"Pending")) | J15: =IF(A15="","",C15-D15) | K15: =IF(OR(A15="",C15=0),"",D15/C15)
A16: =IF(Employees!B16="","",Employees!B16) | B16: =IF(A16="","",Employees!C16) | C16: =IF(A16="","",Employees!F16) | D16: =IF($A16="","",SUMIFS('Leave Log'!$E$5:$E$304,'Leave Log'!$A$5:$A$304,$A16,'Leave Log'!$B$5:$B$304,"AL",'Leave Log'!$F$5:$F$304,"Approved")) | E16: =IF($A16="","",SUMIFS('Leave Log'!$E$5:$E$304,'Leave Log'!$A$5:$A$304,$A16,'Leave Log'!$B$5:$B$304,"SL",'Leave Log'!$F$5:$F$304,"Approved")) | F16: =IF($A16="","",SUMIFS('Leave Log'!$E$5:$E$304,'Leave Log'!$A$5:$A$304,$A16,'Leave Log'!$B$5:$B$304,"CL",'Leave Log'!$F$5:$F$304,"Approved")) | G16: =IF($A16="","",SUMIFS('Leave Log'!$E$5:$E$304,'Leave Log'!$A$5:$A$304,$A16,'Leave Log'!$B$5:$B$304,"UL",'Leave Log'!$F$5:$F$304,"Approved")) | H16: =IF($A16="","",SUMIFS('Leave Log'!$E$5:$E$304,'Leave Log'!$A$5:$A$304,$A16,'Leave Log'!$B$5:$B$304,"OT",'Leave Log'!$F$5:$F$304,"Approved")) | I16: =IF(A16="","",SUMIFS('Leave Log'!$E$5:$E$304,'Leave Log'!$A$5:$A$304,$A16,'Leave Log'!$B$5:$B$304,"AL",'Leave Log'!$F$5:$F$304,"Pending")) | J16: =IF(A16="","",C16-D16) | K16: =IF(OR(A16="",C16=0),"",D16/C16)
... A24: =IF(Employees!B24="","",Employees!B24) | B24: =IF(A24="","",Employees!C24) | C24: =IF(A24="","",Employees!F24) | D24: =IF($A24="","",SUMIFS('Leave Log'!$E$5:$E$304,'Leave Log'!$A$5:$A$304,$A24,'Leave Log'!$B$5:$B$304,"AL",'Leave Log'!$F$5:$F$304,"Approved")) | E24: =IF($A24="","",SUMIFS('Leave Log'!$E$5:$E$304,'Leave Log'!$A$5:$A$304,$A24,'Leave Log'!$B$5:$B$304,"SL",'Leave Log'!$F$5:$F$304,"Approved")) | F24: =IF($A24="","",SUMIFS('Leave Log'!$E$5:$E$304,'Leave Log'!$A$5:$A$304,$A24,'Leave Log'!$B$5:$B$304,"CL",'Leave Log'!$F$5:$F$304,"Approved")) | G24: =IF($A24="","",SUMIFS('Leave Log'!$E$5:$E$304,'Leave Log'!$A$5:$A$304,$A24,'Leave Log'!$B$5:$B$304,"UL",'Leave Log'!$F$5:$F$304,"Approved")) | H24: =IF($A24="","",SUMIFS('Leave Log'!$E$5:$E$304,'Leave Log'!$A$5:$A$304,$A24,'Leave Log'!$B$5:$B$304,"OT",'Leave Log'!$F$5:$F$304,"Approved")) | I24: =IF(A24="","",SUMIFS('Leave Log'!$E$5:$E$304,'Leave Log'!$A$5:$A$304,$A24,'Leave Log'!$B$5:$B$304,"AL",'Leave Log'!$F$5:$F$304,"Pending")) | J24: =IF(A24="","",C24-D24) | K24: =IF(OR(A24="",C24=0),"",D24/C24)
A25: Total | C25: =SUM(C5:C24) -> 189 | D25: =SUM(D5:D24) -> 8 | E25: =SUM(E5:E24) -> 2 | F25: =SUM(F5:F24) -> 1 | G25: =SUM(G5:G24) -> 0 | H25: =SUM(H5:H24) -> 2 | I25: =SUM(I5:I24) -> 6 | J25: =SUM(J5:J24) -> 181
A27: Note: 'Annual balance' assumes AL is the only code counted against entitlement (Setup column C is informational).
