Workbook

Sheet Roster
A1: Leave Roster – October to December 2026
A2: Type a leave code (AL, SL, CL, UL, OT) in the day cells. Red = clash with another colleague. Names/departments/allowance are yellow.
A3: Clash days found: | B3: =SUM(G7:G26) -> 0 | C3: =IF(B3=0,"No clashes – roster is clear","CLASH: fix the red cells") -> No clashes – roster is clear
H4: =IF(OR(0=0,DAY(H6)=1),TEXT(H6,"mmmm yyyy"),"") -> October 2026 | I4: =IF(OR(1=0,DAY(I6)=1),TEXT(I6,"mmmm yyyy"),"") | J4: =IF(OR(2=0,DAY(J6)=1),TEXT(J6,"mmmm yyyy"),"") | K4: =IF(OR(3=0,DAY(K6)=1),TEXT(K6,"mmmm yyyy"),"") | L4: =IF(OR(4=0,DAY(L6)=1),TEXT(L6,"mmmm yyyy"),"") | M4: =IF(OR(5=0,DAY(M6)=1),TEXT(M6,"mmmm yyyy"),"") | N4: =IF(OR(6=0,DAY(N6)=1),TEXT(N6,"mmmm yyyy"),"") | O4: =IF(OR(7=0,DAY(O6)=1),TEXT(O6,"mmmm yyyy"),"") | P4: =IF(OR(8=0,DAY(P6)=1),TEXT(P6,"mmmm yyyy"),"") | Q4: =IF(OR(9=0,DAY(Q6)=1),TEXT(Q6,"mmmm yyyy"),"") | R4: =IF(OR(10=0,DAY(R6)=1),TEXT(R6,"mmmm yyyy"),"") | S4: =IF(OR(11=0,DAY(S6)=1),TEXT(S6,"mmmm yyyy"),"") | T4: =IF(OR(12=0,DAY(T6)=1),TEXT(T6,"mmmm yyyy"),"") | U4: =IF(OR(13=0,DAY(U6)=1),TEXT(U6,"mmmm yyyy"),"") | V4: =IF(OR(14=0,DAY(V6)=1),TEXT(V6,"mmmm yyyy"),"") | W4: =IF(OR(15=0,DAY(W6)=1),TEXT(W6,"mmmm yyyy"),"") | X4: =IF(OR(16=0,DAY(X6)=1),TEXT(X6,"mmmm yyyy"),"") | Y4: =IF(OR(17=0,DAY(Y6)=1),TEXT(Y6,"mmmm yyyy"),"") | Z4: =IF(OR(18=0,DAY(Z6)=1),TEXT(Z6,"mmmm yyyy"),"") | AA4: =IF(OR(19=0,DAY(AA6)=1),TEXT(AA6,"mmmm yyyy"),"") | AB4: =IF(OR(20=0,DAY(AB6)=1),TEXT(AB6,"mmmm yyyy"),"") | AC4: =IF(OR(21=0,DAY(AC6)=1),TEXT(AC6,"mmmm yyyy"),"") | AD4: =IF(OR(22=0,DAY(AD6)=1),TEXT(AD6,"mmmm yyyy"),"") | AE4: =IF(OR(23=0,DAY(AE6)=1),TEXT(AE6,"mmmm yyyy"),"") | AF4: =IF(OR(24=0,DAY(AF6)=1),TEXT(AF6,"mmmm yyyy"),"") | AG4: =IF(OR(25=0,DAY(AG6)=1),TEXT(AG6,"mmmm yyyy"),"") | AH4: =IF(OR(26=0,DAY(AH6)=1),TEXT(AH6,"mmmm yyyy"),"") | AI4: =IF(OR(27=0,DAY(AI6)=1),TEXT(AI6,"mmmm yyyy"),"") | AJ4: =IF(OR(28=0,DAY(AJ6)=1),TEXT(AJ6,"mmmm yyyy"),"") | AK4: =IF(OR(29=0,DAY(AK6)=1),TEXT(AK6,"mmmm yyyy"),"") | AL4: =IF(OR(30=0,DAY(AL6)=1),TEXT(AL6,"mmmm yyyy"),"") | AM4: =IF(OR(31=0,DAY(AM6)=1),TEXT(AM6,"mmmm yyyy"),"") -> November 2026 | AN4: =IF(OR(32=0,DAY(AN6)=1),TEXT(AN6,"mmmm yyyy"),"") | AO4: =IF(OR(33=0,DAY(AO6)=1),TEXT(AO6,"mmmm yyyy"),"") | AP4: =IF(OR(34=0,DAY(AP6)=1),TEXT(AP6,"mmmm yyyy"),"") | AQ4: =IF(OR(35=0,DAY(AQ6)=1),TEXT(AQ6,"mmmm yyyy"),"") | AR4: =IF(OR(36=0,DAY(AR6)=1),TEXT(AR6,"mmmm yyyy"),"") | AS4: =IF(OR(37=0,DAY(AS6)=1),TEXT(AS6,"mmmm yyyy"),"") | AT4: =IF(OR(38=0,DAY(AT6)=1),TEXT(AT6,"mmmm yyyy"),"") | AU4: =IF(OR(39=0,DAY(AU6)=1),TEXT(AU6,"mmmm yyyy"),"") | AV4: =IF(OR(40=0,DAY(AV6)=1),TEXT(AV6,"mmmm yyyy"),"") | AW4: =IF(OR(41=0,DAY(AW6)=1),TEXT(AW6,"mmmm yyyy"),"") | AX4: =IF(OR(42=0,DAY(AX6)=1),TEXT(AX6,"mmmm yyyy"),"") | AY4: =IF(OR(43=0,DAY(AY6)=1),TEXT(AY6,"mmmm yyyy"),"") | AZ4: =IF(OR(44=0,DAY(AZ6)=1),TEXT(AZ6,"mmmm yyyy"),"") | BA4: =IF(OR(45=0,DAY(BA6)=1),TEXT(BA6,"mmmm yyyy"),"") | BB4: =IF(OR(46=0,DAY(BB6)=1),TEXT(BB6,"mmmm yyyy"),"") | BC4: =IF(OR(47=0,DAY(BC6)=1),TEXT(BC6,"mmmm yyyy"),"") | BD4: =IF(OR(48=0,DAY(BD6)=1),TEXT(BD6,"mmmm yyyy"),"") | BE4: =IF(OR(49=0,DAY(BE6)=1),TEXT(BE6,"mmmm yyyy"),"") | BF4: =IF(OR(50=0,DAY(BF6)=1),TEXT(BF6,"mmmm yyyy"),"") | BG4: =IF(OR(51=0,DAY(BG6)=1),TEXT(BG6,"mmmm yyyy"),"") | BH4: =IF(OR(52=0,DAY(BH6)=1),TEXT(BH6,"mmmm yyyy"),"") | BI4: =IF(OR(53=0,DAY(BI6)=1),TEXT(BI6,"mmmm yyyy"),"") | BJ4: =IF(OR(54=0,DAY(BJ6)=1),TEXT(BJ6,"mmmm yyyy"),"") | BK4: =IF(OR(55=0,DAY(BK6)=1),TEXT(BK6,"mmmm yyyy"),"") | BL4: =IF(OR(56=0,DAY(BL6)=1),TEXT(BL6,"mmmm yyyy"),"") | BM4: =IF(OR(57=0,DAY(BM6)=1),TEXT(BM6,"mmmm yyyy"),"") | BN4: =IF(OR(58=0,DAY(BN6)=1),TEXT(BN6,"mmmm yyyy"),"") | BO4: =IF(OR(59=0,DAY(BO6)=1),TEXT(BO6,"mmmm yyyy"),"") | BP4: =IF(OR(60=0,DAY(BP6)=1),TEXT(BP6,"mmmm yyyy"),"") | BQ4: =IF(OR(61=0,DAY(BQ6)=1),TEXT(BQ6,"mmmm yyyy"),"") -> December 2026 | BR4: =IF(OR(62=0,DAY(BR6)=1),TEXT(BR6,"mmmm yyyy"),"") | BS4: =IF(OR(63=0,DAY(BS6)=1),TEXT(BS6,"mmmm yyyy"),"") | BT4: =IF(OR(64=0,DAY(BT6)=1),TEXT(BT6,"mmmm yyyy"),"") | BU4: =IF(OR(65=0,DAY(BU6)=1),TEXT(BU6,"mmmm yyyy"),"") | BV4: =IF(OR(66=0,DAY(BV6)=1),TEXT(BV6,"mmmm yyyy"),"") | BW4: =IF(OR(67=0,DAY(BW6)=1),TEXT(BW6,"mmmm yyyy"),"") | BX4: =IF(OR(68=0,DAY(BX6)=1),TEXT(BX6,"mmmm yyyy"),"") | BY4: =IF(OR(69=0,DAY(BY6)=1),TEXT(BY6,"mmmm yyyy"),"") | BZ4: =IF(OR(70=0,DAY(BZ6)=1),TEXT(BZ6,"mmmm yyyy"),"") | CA4: =IF(OR(71=0,DAY(CA6)=1),TEXT(CA6,"mmmm yyyy"),"") | CB4: =IF(OR(72=0,DAY(CB6)=1),TEXT(CB6,"mmmm yyyy"),"") | CC4: =IF(OR(73=0,DAY(CC6)=1),TEXT(CC6,"mmmm yyyy"),"") | CD4: =IF(OR(74=0,DAY(CD6)=1),TEXT(CD6,"mmmm yyyy"),"") | CE4: =IF(OR(75=0,DAY(CE6)=1),TEXT(CE6,"mmmm yyyy"),"") | CF4: =IF(OR(76=0,DAY(CF6)=1),TEXT(CF6,"mmmm yyyy"),"") | CG4: =IF(OR(77=0,DAY(CG6)=1),TEXT(CG6,"mmmm yyyy"),"") | CH4: =IF(OR(78=0,DAY(CH6)=1),TEXT(CH6,"mmmm yyyy"),"") | CI4: =IF(OR(79=0,DAY(CI6)=1),TEXT(CI6,"mmmm yyyy"),"") | CJ4: =IF(OR(80=0,DAY(CJ6)=1),TEXT(CJ6,"mmmm yyyy"),"") | CK4: =IF(OR(81=0,DAY(CK6)=1),TEXT(CK6,"mmmm yyyy"),"") | CL4: =IF(OR(82=0,DAY(CL6)=1),TEXT(CL6,"mmmm yyyy"),"") | CM4: =IF(OR(83=0,DAY(CM6)=1),TEXT(CM6,"mmmm yyyy"),"") | CN4: =IF(OR(84=0,DAY(CN6)=1),TEXT(CN6,"mmmm yyyy"),"") | CO4: =IF(OR(85=0,DAY(CO6)=1),TEXT(CO6,"mmmm yyyy"),"") | CP4: =IF(OR(86=0,DAY(CP6)=1),TEXT(CP6,"mmmm yyyy"),"") | CQ4: =IF(OR(87=0,DAY(CQ6)=1),TEXT(CQ6,"mmmm yyyy"),"") | CR4: =IF(OR(88=0,DAY(CR6)=1),TEXT(CR6,"mmmm yyyy"),"") | CS4: =IF(OR(89=0,DAY(CS6)=1),TEXT(CS6,"mmmm yyyy"),"") | CT4: =IF(OR(90=0,DAY(CT6)=1),TEXT(CT6,"mmmm yyyy"),"") | CU4: =IF(OR(91=0,DAY(CU6)=1),TEXT(CU6,"mmmm yyyy"),"")
H5: =TEXT(H6,"ddd") -> Thu | I5: =TEXT(I6,"ddd") -> Fri | J5: =TEXT(J6,"ddd") -> Sat | K5: =TEXT(K6,"ddd") -> Sun | L5: =TEXT(L6,"ddd") -> Mon | M5: =TEXT(M6,"ddd") -> Tue | N5: =TEXT(N6,"ddd") -> Wed | O5: =TEXT(O6,"ddd") -> Thu | ... CU5: =TEXT(CU6,"ddd") -> Thu
A6: Colleague | B6: Department | C6: Leave allowance (days) | D6: Annual leave taken | E6: Other leave taken | F6: Balance (days) | G6: Clash days | H6: =Setup!$B$4 -> 46296 | I6: =H6+1 -> 46297 | J6: =I6+1 -> 46298 | K6: =J6+1 -> 46299 | L6: =K6+1 -> 46300 | M6: =L6+1 -> 46301 | N6: =M6+1 -> 46302 | O6: =N6+1 -> 46303 | P6: =O6+1 -> 46304 | ... CU6: =CT6+1 -> 46387
A7: Amina Yusuf | B7: Operations | C7: 21 | D7: =IF($A7="","",SUMPRODUCT((H7:CU7="AL")*(WEEKDAY($H$6:$CU$6,2)<6)*(COUNTIF(Setup!$G$9:$G$20,$H$6:$CU$6)=0))) -> 5 | E7: =IF($A7="","",SUMPRODUCT((H7:CU7<>"")*(H7:CU7<>"AL")*(WEEKDAY($H$6:$CU$6,2)<6)*(COUNTIF(Setup!$G$9:$G$20,$H$6:$CU$6)=0))) -> 0 | F7: =IF($A7="","",C7-D7) -> 16 | G7: =IF($A7="","",COUNTIF('Clash Check'!H7:CU7,"CLASH")) -> 0 | AG7: AL | AH7: AL | AI7: AL | AJ7: AL | AK7: AL
A8: Brian Okafor | B8: Operations | C8: 21 | D8: =IF($A8="","",SUMPRODUCT((H8:CU8="AL")*(WEEKDAY($H$6:$CU$6,2)<6)*(COUNTIF(Setup!$G$9:$G$20,$H$6:$CU$6)=0))) -> 0 | E8: =IF($A8="","",SUMPRODUCT((H8:CU8<>"")*(H8:CU8<>"AL")*(WEEKDAY($H$6:$CU$6,2)<6)*(COUNTIF(Setup!$G$9:$G$20,$H$6:$CU$6)=0))) -> 2 | F8: =IF($A8="","",C8-D8) -> 21 | G8: =IF($A8="","",COUNTIF('Clash Check'!H8:CU8,"CLASH")) -> 0 | AU8: SL | AV8: SL
A9: Chloe Martin | B9: Finance | C9: 24 | D9: =IF($A9="","",SUMPRODUCT((H9:CU9="AL")*(WEEKDAY($H$6:$CU$6,2)<6)*(COUNTIF(Setup!$G$9:$G$20,$H$6:$CU$6)=0))) -> 4 | E9: =IF($A9="","",SUMPRODUCT((H9:CU9<>"")*(H9:CU9<>"AL")*(WEEKDAY($H$6:$CU$6,2)<6)*(COUNTIF(Setup!$G$9:$G$20,$H$6:$CU$6)=0))) -> 0 | F9: =IF($A9="","",C9-D9) -> 20 | G9: =IF($A9="","",COUNTIF('Clash Check'!H9:CU9,"CLASH")) -> 0 | CK9: AL | CL9: AL | CM9: AL | CN9: AL
A10: David Chen | B10: Finance | C10: 21 | D10: =IF($A10="","",SUMPRODUCT((H10:CU10="AL")*(WEEKDAY($H$6:$CU$6,2)<6)*(COUNTIF(Setup!$G$9:$G$20,$H$6:$CU$6)=0))) -> 5 | E10: =IF($A10="","",SUMPRODUCT((H10:CU10<>"")*(H10:CU10<>"AL")*(WEEKDAY($H$6:$CU$6,2)<6)*(COUNTIF(Setup!$G$9:$G$20,$H$6:$CU$6)=0))) -> 0 | F10: =IF($A10="","",C10-D10) -> 16 | G10: =IF($A10="","",COUNTIF('Clash Check'!H10:CU10,"CLASH")) -> 0 | AN10: AL | AO10: AL | AP10: AL | AQ10: AL | AR10: AL
A11: Esther Mensah | B11: HR | C11: 24 | D11: =IF($A11="","",SUMPRODUCT((H11:CU11="AL")*(WEEKDAY($H$6:$CU$6,2)<6)*(COUNTIF(Setup!$G$9:$G$20,$H$6:$CU$6)=0))) -> 0 | E11: =IF($A11="","",SUMPRODUCT((H11:CU11<>"")*(H11:CU11<>"AL")*(WEEKDAY($H$6:$CU$6,2)<6)*(COUNTIF(Setup!$G$9:$G$20,$H$6:$CU$6)=0))) -> 2 | F11: =IF($A11="","",C11-D11) -> 24 | G11: =IF($A11="","",COUNTIF('Clash Check'!H11:CU11,"CLASH")) -> 0 | S11: OT | T11: OT
A12: Farid Khan | B12: IT | C12: 21 | D12: =IF($A12="","",SUMPRODUCT((H12:CU12="AL")*(WEEKDAY($H$6:$CU$6,2)<6)*(COUNTIF(Setup!$G$9:$G$20,$H$6:$CU$6)=0))) -> 5 | E12: =IF($A12="","",SUMPRODUCT((H12:CU12<>"")*(H12:CU12<>"AL")*(WEEKDAY($H$6:$CU$6,2)<6)*(COUNTIF(Setup!$G$9:$G$20,$H$6:$CU$6)=0))) -> 0 | F12: =IF($A12="","",C12-D12) -> 16 | G12: =IF($A12="","",COUNTIF('Clash Check'!H12:CU12,"CLASH")) -> 0 | BW12: AL | BX12: AL | BY12: AL | BZ12: AL | CA12: AL
A13: Grace Lee | B13: IT | C13: 21 | D13: =IF($A13="","",SUMPRODUCT((H13:CU13="AL")*(WEEKDAY($H$6:$CU$6,2)<6)*(COUNTIF(Setup!$G$9:$G$20,$H$6:$CU$6)=0))) -> 0 | E13: =IF($A13="","",SUMPRODUCT((H13:CU13<>"")*(H13:CU13<>"AL")*(WEEKDAY($H$6:$CU$6,2)<6)*(COUNTIF(Setup!$G$9:$G$20,$H$6:$CU$6)=0))) -> 0 | F13: =IF($A13="","",C13-D13) -> 21 | G13: =IF($A13="","",COUNTIF('Clash Check'!H13:CU13,"CLASH")) -> 0
A14: Hassan Ali | B14: Sales | C14: 21 | D14: =IF($A14="","",SUMPRODUCT((H14:CU14="AL")*(WEEKDAY($H$6:$CU$6,2)<6)*(COUNTIF(Setup!$G$9:$G$20,$H$6:$CU$6)=0))) -> 5 | E14: =IF($A14="","",SUMPRODUCT((H14:CU14<>"")*(H14:CU14<>"AL")*(WEEKDAY($H$6:$CU$6,2)<6)*(COUNTIF(Setup!$G$9:$G$20,$H$6:$CU$6)=0))) -> 0 | F14: =IF($A14="","",C14-D14) -> 16 | G14: =IF($A14="","",COUNTIF('Clash Check'!H14:CU14,"CLASH")) -> 0 | BB14: AL | BC14: AL | BD14: AL | BE14: AL | BF14: AL
A15: Ifeoma Nnadi | B15: Sales | C15: 21 | D15: =IF($A15="","",SUMPRODUCT((H15:CU15="AL")*(WEEKDAY($H$6:$CU$6,2)<6)*(COUNTIF(Setup!$G$9:$G$20,$H$6:$CU$6)=0))) -> 5 | E15: =IF($A15="","",SUMPRODUCT((H15:CU15<>"")*(H15:CU15<>"AL")*(WEEKDAY($H$6:$CU$6,2)<6)*(COUNTIF(Setup!$G$9:$G$20,$H$6:$CU$6)=0))) -> 0 | F15: =IF($A15="","",C15-D15) -> 16 | G15: =IF($A15="","",COUNTIF('Clash Check'!H15:CU15,"CLASH")) -> 0 | CD15: AL | CE15: AL | CF15: AL | CG15: AL | CH15: AL
D16: =IF($A16="","",SUMPRODUCT((H16:CU16="AL")*(WEEKDAY($H$6:$CU$6,2)<6)*(COUNTIF(Setup!$G$9:$G$20,$H$6:$CU$6)=0))) | E16: =IF($A16="","",SUMPRODUCT((H16:CU16<>"")*(H16:CU16<>"AL")*(WEEKDAY($H$6:$CU$6,2)<6)*(COUNTIF(Setup!$G$9:$G$20,$H$6:$CU$6)=0))) | F16: =IF($A16="","",C16-D16) | G16: =IF($A16="","",COUNTIF('Clash Check'!H16:CU16,"CLASH"))
D17: =IF($A17="","",SUMPRODUCT((H17:CU17="AL")*(WEEKDAY($H$6:$CU$6,2)<6)*(COUNTIF(Setup!$G$9:$G$20,$H$6:$CU$6)=0))) | E17: =IF($A17="","",SUMPRODUCT((H17:CU17<>"")*(H17:CU17<>"AL")*(WEEKDAY($H$6:$CU$6,2)<6)*(COUNTIF(Setup!$G$9:$G$20,$H$6:$CU$6)=0))) | F17: =IF($A17="","",C17-D17) | G17: =IF($A17="","",COUNTIF('Clash Check'!H17:CU17,"CLASH"))
D18: =IF($A18="","",SUMPRODUCT((H18:CU18="AL")*(WEEKDAY($H$6:$CU$6,2)<6)*(COUNTIF(Setup!$G$9:$G$20,$H$6:$CU$6)=0))) | E18: =IF($A18="","",SUMPRODUCT((H18:CU18<>"")*(H18:CU18<>"AL")*(WEEKDAY($H$6:$CU$6,2)<6)*(COUNTIF(Setup!$G$9:$G$20,$H$6:$CU$6)=0))) | F18: =IF($A18="","",C18-D18) | G18: =IF($A18="","",COUNTIF('Clash Check'!H18:CU18,"CLASH"))
D19: =IF($A19="","",SUMPRODUCT((H19:CU19="AL")*(WEEKDAY($H$6:$CU$6,2)<6)*(COUNTIF(Setup!$G$9:$G$20,$H$6:$CU$6)=0))) | E19: =IF($A19="","",SUMPRODUCT((H19:CU19<>"")*(H19:CU19<>"AL")*(WEEKDAY($H$6:$CU$6,2)<6)*(COUNTIF(Setup!$G$9:$G$20,$H$6:$CU$6)=0))) | F19: =IF($A19="","",C19-D19) | G19: =IF($A19="","",COUNTIF('Clash Check'!H19:CU19,"CLASH"))
D20: =IF($A20="","",SUMPRODUCT((H20:CU20="AL")*(WEEKDAY($H$6:$CU$6,2)<6)*(COUNTIF(Setup!$G$9:$G$20,$H$6:$CU$6)=0))) | E20: =IF($A20="","",SUMPRODUCT((H20:CU20<>"")*(H20:CU20<>"AL")*(WEEKDAY($H$6:$CU$6,2)<6)*(COUNTIF(Setup!$G$9:$G$20,$H$6:$CU$6)=0))) | F20: =IF($A20="","",C20-D20) | G20: =IF($A20="","",COUNTIF('Clash Check'!H20:CU20,"CLASH"))
D21: =IF($A21="","",SUMPRODUCT((H21:CU21="AL")*(WEEKDAY($H$6:$CU$6,2)<6)*(COUNTIF(Setup!$G$9:$G$20,$H$6:$CU$6)=0))) | E21: =IF($A21="","",SUMPRODUCT((H21:CU21<>"")*(H21:CU21<>"AL")*(WEEKDAY($H$6:$CU$6,2)<6)*(COUNTIF(Setup!$G$9:$G$20,$H$6:$CU$6)=0))) | F21: =IF($A21="","",C21-D21) | G21: =IF($A21="","",COUNTIF('Clash Check'!H21:CU21,"CLASH"))
D22: =IF($A22="","",SUMPRODUCT((H22:CU22="AL")*(WEEKDAY($H$6:$CU$6,2)<6)*(COUNTIF(Setup!$G$9:$G$20,$H$6:$CU$6)=0))) | E22: =IF($A22="","",SUMPRODUCT((H22:CU22<>"")*(H22:CU22<>"AL")*(WEEKDAY($H$6:$CU$6,2)<6)*(COUNTIF(Setup!$G$9:$G$20,$H$6:$CU$6)=0))) | F22: =IF($A22="","",C22-D22) | G22: =IF($A22="","",COUNTIF('Clash Check'!H22:CU22,"CLASH"))
D23: =IF($A23="","",SUMPRODUCT((H23:CU23="AL")*(WEEKDAY($H$6:$CU$6,2)<6)*(COUNTIF(Setup!$G$9:$G$20,$H$6:$CU$6)=0))) | E23: =IF($A23="","",SUMPRODUCT((H23:CU23<>"")*(H23:CU23<>"AL")*(WEEKDAY($H$6:$CU$6,2)<6)*(COUNTIF(Setup!$G$9:$G$20,$H$6:$CU$6)=0))) | F23: =IF($A23="","",C23-D23) | G23: =IF($A23="","",COUNTIF('Clash Check'!H23:CU23,"CLASH"))
D24: =IF($A24="","",SUMPRODUCT((H24:CU24="AL")*(WEEKDAY($H$6:$CU$6,2)<6)*(COUNTIF(Setup!$G$9:$G$20,$H$6:$CU$6)=0))) | E24: =IF($A24="","",SUMPRODUCT((H24:CU24<>"")*(H24:CU24<>"AL")*(WEEKDAY($H$6:$CU$6,2)<6)*(COUNTIF(Setup!$G$9:$G$20,$H$6:$CU$6)=0))) | F24: =IF($A24="","",C24-D24) | G24: =IF($A24="","",COUNTIF('Clash Check'!H24:CU24,"CLASH"))
D25: =IF($A25="","",SUMPRODUCT((H25:CU25="AL")*(WEEKDAY($H$6:$CU$6,2)<6)*(COUNTIF(Setup!$G$9:$G$20,$H$6:$CU$6)=0))) | E25: =IF($A25="","",SUMPRODUCT((H25:CU25<>"")*(H25:CU25<>"AL")*(WEEKDAY($H$6:$CU$6,2)<6)*(COUNTIF(Setup!$G$9:$G$20,$H$6:$CU$6)=0))) | F25: =IF($A25="","",C25-D25) | G25: =IF($A25="","",COUNTIF('Clash Check'!H25:CU25,"CLASH"))
D26: =IF($A26="","",SUMPRODUCT((H26:CU26="AL")*(WEEKDAY($H$6:$CU$6,2)<6)*(COUNTIF(Setup!$G$9:$G$20,$H$6:$CU$6)=0))) | E26: =IF($A26="","",SUMPRODUCT((H26:CU26<>"")*(H26:CU26<>"AL")*(WEEKDAY($H$6:$CU$6,2)<6)*(COUNTIF(Setup!$G$9:$G$20,$H$6:$CU$6)=0))) | F26: =IF($A26="","",C26-D26) | G26: =IF($A26="","",COUNTIF('Clash Check'!H26:CU26,"CLASH"))
A27: Colleagues off | H27: =COUNTIF(H7:H26,"?*") -> 0 | I27: =COUNTIF(I7:I26,"?*") -> 0 | J27: =COUNTIF(J7:J26,"?*") -> 0 | K27: =COUNTIF(K7:K26,"?*") -> 0 | L27: =COUNTIF(L7:L26,"?*") -> 0 | M27: =COUNTIF(M7:M26,"?*") -> 0 | N27: =COUNTIF(N7:N26,"?*") -> 0 | O27: =COUNTIF(O7:O26,"?*") -> 0 | ... CU27: =COUNTIF(CU7:CU26,"?*") -> 0
A28: Over office limit? | H28: =IF(H27>Setup!$B$6,"!","") | I28: =IF(I27>Setup!$B$6,"!","") | J28: =IF(J27>Setup!$B$6,"!","") | K28: =IF(K27>Setup!$B$6,"!","") | L28: =IF(L27>Setup!$B$6,"!","") | M28: =IF(M27>Setup!$B$6,"!","") | N28: =IF(N27>Setup!$B$6,"!","") | O28: =IF(O27>Setup!$B$6,"!","") | ... CU28: =IF(CU27>Setup!$B$6,"!","")
A31: How to use
A32: 1. Enter colleague names, departments and leave allowance in the yellow cells (up to 20).
A33: 2. Type the leave code in each day the person is off, e.g. AL for annual leave. Leave blank when working.
A34: 3. A RED cell means that day clashes: more people are off than allowed for that department or the whole office (limits on Setup).
A35: 4. Excel also warns as you type a clashing entry; choose No to cancel it.
A36: 5. Grey columns are weekends/public holidays; they are not counted as leave days.
A38: Codes
A39: AL – Annual Leave
A40: SL – Sick Leave
A41: CL – Casual Leave
A42: UL – Unpaid Leave
A43: OT – Other / Training

Sheet Setup
A1: Setup – Leave Roster Oct–Dec 2026
A2: Yellow cells with blue text are inputs. Change them to suit your office.
A4: Roster start date (92 days are shown) | B4: 46296
A5: Max colleagues OFF on the same day – same department | B5: 1 | C5: Assumed default: 1 per department. Raise if two people from a team may be off together.
A6: Max colleagues OFF on the same day – whole office | B6: 3 | C6: Assumed default: 3. Set to headcount minus the minimum staff you need in.
A8: Code | B8: Leave type | C8: Colour | F8: Public holiday | G8: Date
A9: AL | B9: Annual Leave | F9: Independence Day | G9: 46296
A10: SL | B10: Sick Leave | F10: Christmas Day | G10: 46381
A11: CL | B11: Casual Leave | F11: Boxing Day | G11: 46382
A12: UL | B12: Unpaid Leave
A13: OT | B13: Other / Training
A15: 'AL' is deducted from each colleague's allowance. Other codes are recorded but not deducted.
F21: Sample holidays (assumed) – replace with your official calendar.

Sheet Clash Check
A1: Clash Check (automatic – do not edit)
A2: Shows CLASH where a leave day breaks the department or office limit on Setup. Columns match the Roster sheet.
A6: Colleague | B6: Department | H6: =Roster!H6 -> 46296 | I6: =Roster!I6 -> 46297 | J6: =Roster!J6 -> 46298 | K6: =Roster!K6 -> 46299 | L6: =Roster!L6 -> 46300 | M6: =Roster!M6 -> 46301 | N6: =Roster!N6 -> 46302 | O6: =Roster!O6 -> 46303 | ... CU6: =Roster!CU6 -> 46387
A7: =IF(Roster!A7="","",Roster!A7) -> Amina Yusuf | B7: =IF(Roster!A7="","",Roster!B7) -> Operations | H7: =IF(OR(Roster!$A7="",Roster!H7=""),"",IF(OR(COUNTIFS(Roster!$B$7:$B$26,Roster!$B7,Roster!H$7:H$26,"?*")>Setup!$B$5,COUNTIF(Roster!H$7:H$26,"?*")>Setup!$B$6),"CLASH","OK")) | I7: =IF(OR(Roster!$A7="",Roster!I7=""),"",IF(OR(COUNTIFS(Roster!$B$7:$B$26,Roster!$B7,Roster!I$7:I$26,"?*")>Setup!$B$5,COUNTIF(Roster!I$7:I$26,"?*")>Setup!$B$6),"CLASH","OK")) | J7: =IF(OR(Roster!$A7="",Roster!J7=""),"",IF(OR(COUNTIFS(Roster!$B$7:$B$26,Roster!$B7,Roster!J$7:J$26,"?*")>Setup!$B$5,COUNTIF(Roster!J$7:J$26,"?*")>Setup!$B$6),"CLASH","OK")) | K7: =IF(OR(Roster!$A7="",Roster!K7=""),"",IF(OR(COUNTIFS(Roster!$B$7:$B$26,Roster!$B7,Roster!K$7:K$26,"?*")>Setup!$B$5,COUNTIF(Roster!K$7:K$26,"?*")>Setup!$B$6),"CLASH","OK")) | L7: =IF(OR(Roster!$A7="",Roster!L7=""),"",IF(OR(COUNTIFS(Roster!$B$7:$B$26,Roster!$B7,Roster!L$7:L$26,"?*")>Setup!$B$5,COUNTIF(Roster!L$7:L$26,"?*")>Setup!$B$6),"CLASH","OK")) | M7: =IF(OR(Roster!$A7="",Roster!M7=""),"",IF(OR(COUNTIFS(Roster!$B$7:$B$26,Roster!$B7,Roster!M$7:M$26,"?*")>Setup!$B$5,COUNTIF(Roster!M$7:M$26,"?*")>Setup!$B$6),"CLASH","OK")) | N7: =IF(OR(Roster!$A7="",Roster!N7=""),"",IF(OR(COUNTIFS(Roster!$B$7:$B$26,Roster!$B7,Roster!N$7:N$26,"?*")>Setup!$B$5,COUNTIF(Roster!N$7:N$26,"?*")>Setup!$B$6),"CLASH","OK")) | O7: =IF(OR(Roster!$A7="",Roster!O7=""),"",IF(OR(COUNTIFS(Roster!$B$7:$B$26,Roster!$B7,Roster!O$7:O$26,"?*")>Setup!$B$5,COUNTIF(Roster!O$7:O$26,"?*")>Setup!$B$6),"CLASH","OK")) | ... CU7: =IF(OR(Roster!$A7="",Roster!CU7=""),"",IF(OR(COUNTIFS(Roster!$B$7:$B$26,Roster!$B7,Roster!CU$7:CU$26,"?*")>Setup!$B$5,COUNTIF(Roster!CU$7:CU$26,"?*")>Setup!$B$6),"CLASH","OK"))
A8: =IF(Roster!A8="","",Roster!A8) -> Brian Okafor | B8: =IF(Roster!A8="","",Roster!B8) -> Operations | H8: =IF(OR(Roster!$A8="",Roster!H8=""),"",IF(OR(COUNTIFS(Roster!$B$7:$B$26,Roster!$B8,Roster!H$7:H$26,"?*")>Setup!$B$5,COUNTIF(Roster!H$7:H$26,"?*")>Setup!$B$6),"CLASH","OK")) | I8: =IF(OR(Roster!$A8="",Roster!I8=""),"",IF(OR(COUNTIFS(Roster!$B$7:$B$26,Roster!$B8,Roster!I$7:I$26,"?*")>Setup!$B$5,COUNTIF(Roster!I$7:I$26,"?*")>Setup!$B$6),"CLASH","OK")) | J8: =IF(OR(Roster!$A8="",Roster!J8=""),"",IF(OR(COUNTIFS(Roster!$B$7:$B$26,Roster!$B8,Roster!J$7:J$26,"?*")>Setup!$B$5,COUNTIF(Roster!J$7:J$26,"?*")>Setup!$B$6),"CLASH","OK")) | K8: =IF(OR(Roster!$A8="",Roster!K8=""),"",IF(OR(COUNTIFS(Roster!$B$7:$B$26,Roster!$B8,Roster!K$7:K$26,"?*")>Setup!$B$5,COUNTIF(Roster!K$7:K$26,"?*")>Setup!$B$6),"CLASH","OK")) | L8: =IF(OR(Roster!$A8="",Roster!L8=""),"",IF(OR(COUNTIFS(Roster!$B$7:$B$26,Roster!$B8,Roster!L$7:L$26,"?*")>Setup!$B$5,COUNTIF(Roster!L$7:L$26,"?*")>Setup!$B$6),"CLASH","OK")) | M8: =IF(OR(Roster!$A8="",Roster!M8=""),"",IF(OR(COUNTIFS(Roster!$B$7:$B$26,Roster!$B8,Roster!M$7:M$26,"?*")>Setup!$B$5,COUNTIF(Roster!M$7:M$26,"?*")>Setup!$B$6),"CLASH","OK")) | N8: =IF(OR(Roster!$A8="",Roster!N8=""),"",IF(OR(COUNTIFS(Roster!$B$7:$B$26,Roster!$B8,Roster!N$7:N$26,"?*")>Setup!$B$5,COUNTIF(Roster!N$7:N$26,"?*")>Setup!$B$6),"CLASH","OK")) | O8: =IF(OR(Roster!$A8="",Roster!O8=""),"",IF(OR(COUNTIFS(Roster!$B$7:$B$26,Roster!$B8,Roster!O$7:O$26,"?*")>Setup!$B$5,COUNTIF(Roster!O$7:O$26,"?*")>Setup!$B$6),"CLASH","OK")) | ... CU8: =IF(OR(Roster!$A8="",Roster!CU8=""),"",IF(OR(COUNTIFS(Roster!$B$7:$B$26,Roster!$B8,Roster!CU$7:CU$26,"?*")>Setup!$B$5,COUNTIF(Roster!CU$7:CU$26,"?*")>Setup!$B$6),"CLASH","OK"))
A9: =IF(Roster!A9="","",Roster!A9) -> Chloe Martin | B9: =IF(Roster!A9="","",Roster!B9) -> Finance | H9: =IF(OR(Roster!$A9="",Roster!H9=""),"",IF(OR(COUNTIFS(Roster!$B$7:$B$26,Roster!$B9,Roster!H$7:H$26,"?*")>Setup!$B$5,COUNTIF(Roster!H$7:H$26,"?*")>Setup!$B$6),"CLASH","OK")) | I9: =IF(OR(Roster!$A9="",Roster!I9=""),"",IF(OR(COUNTIFS(Roster!$B$7:$B$26,Roster!$B9,Roster!I$7:I$26,"?*")>Setup!$B$5,COUNTIF(Roster!I$7:I$26,"?*")>Setup!$B$6),"CLASH","OK")) | J9: =IF(OR(Roster!$A9="",Roster!J9=""),"",IF(OR(COUNTIFS(Roster!$B$7:$B$26,Roster!$B9,Roster!J$7:J$26,"?*")>Setup!$B$5,COUNTIF(Roster!J$7:J$26,"?*")>Setup!$B$6),"CLASH","OK")) | K9: =IF(OR(Roster!$A9="",Roster!K9=""),"",IF(OR(COUNTIFS(Roster!$B$7:$B$26,Roster!$B9,Roster!K$7:K$26,"?*")>Setup!$B$5,COUNTIF(Roster!K$7:K$26,"?*")>Setup!$B$6),"CLASH","OK")) | L9: =IF(OR(Roster!$A9="",Roster!L9=""),"",IF(OR(COUNTIFS(Roster!$B$7:$B$26,Roster!$B9,Roster!L$7:L$26,"?*")>Setup!$B$5,COUNTIF(Roster!L$7:L$26,"?*")>Setup!$B$6),"CLASH","OK")) | M9: =IF(OR(Roster!$A9="",Roster!M9=""),"",IF(OR(COUNTIFS(Roster!$B$7:$B$26,Roster!$B9,Roster!M$7:M$26,"?*")>Setup!$B$5,COUNTIF(Roster!M$7:M$26,"?*")>Setup!$B$6),"CLASH","OK")) | N9: =IF(OR(Roster!$A9="",Roster!N9=""),"",IF(OR(COUNTIFS(Roster!$B$7:$B$26,Roster!$B9,Roster!N$7:N$26,"?*")>Setup!$B$5,COUNTIF(Roster!N$7:N$26,"?*")>Setup!$B$6),"CLASH","OK")) | O9: =IF(OR(Roster!$A9="",Roster!O9=""),"",IF(OR(COUNTIFS(Roster!$B$7:$B$26,Roster!$B9,Roster!O$7:O$26,"?*")>Setup!$B$5,COUNTIF(Roster!O$7:O$26,"?*")>Setup!$B$6),"CLASH","OK")) | ... CU9: =IF(OR(Roster!$A9="",Roster!CU9=""),"",IF(OR(COUNTIFS(Roster!$B$7:$B$26,Roster!$B9,Roster!CU$7:CU$26,"?*")>Setup!$B$5,COUNTIF(Roster!CU$7:CU$26,"?*")>Setup!$B$6),"CLASH","OK"))
A10: =IF(Roster!A10="","",Roster!A10) -> David Chen | B10: =IF(Roster!A10="","",Roster!B10) -> Finance | H10: =IF(OR(Roster!$A10="",Roster!H10=""),"",IF(OR(COUNTIFS(Roster!$B$7:$B$26,Roster!$B10,Roster!H$7:H$26,"?*")>Setup!$B$5,COUNTIF(Roster!H$7:H$26,"?*")>Setup!$B$6),"CLASH","OK")) | I10: =IF(OR(Roster!$A10="",Roster!I10=""),"",IF(OR(COUNTIFS(Roster!$B$7:$B$26,Roster!$B10,Roster!I$7:I$26,"?*")>Setup!$B$5,COUNTIF(Roster!I$7:I$26,"?*")>Setup!$B$6),"CLASH","OK")) | J10: =IF(OR(Roster!$A10="",Roster!J10=""),"",IF(OR(COUNTIFS(Roster!$B$7:$B$26,Roster!$B10,Roster!J$7:J$26,"?*")>Setup!$B$5,COUNTIF(Roster!J$7:J$26,"?*")>Setup!$B$6),"CLASH","OK")) | K10: =IF(OR(Roster!$A10="",Roster!K10=""),"",IF(OR(COUNTIFS(Roster!$B$7:$B$26,Roster!$B10,Roster!K$7:K$26,"?*")>Setup!$B$5,COUNTIF(Roster!K$7:K$26,"?*")>Setup!$B$6),"CLASH","OK")) | L10: =IF(OR(Roster!$A10="",Roster!L10=""),"",IF(OR(COUNTIFS(Roster!$B$7:$B$26,Roster!$B10,Roster!L$7:L$26,"?*")>Setup!$B$5,COUNTIF(Roster!L$7:L$26,"?*")>Setup!$B$6),"CLASH","OK")) | M10: =IF(OR(Roster!$A10="",Roster!M10=""),"",IF(OR(COUNTIFS(Roster!$B$7:$B$26,Roster!$B10,Roster!M$7:M$26,"?*")>Setup!$B$5,COUNTIF(Roster!M$7:M$26,"?*")>Setup!$B$6),"CLASH","OK")) | N10: =IF(OR(Roster!$A10="",Roster!N10=""),"",IF(OR(COUNTIFS(Roster!$B$7:$B$26,Roster!$B10,Roster!N$7:N$26,"?*")>Setup!$B$5,COUNTIF(Roster!N$7:N$26,"?*")>Setup!$B$6),"CLASH","OK")) | O10: =IF(OR(Roster!$A10="",Roster!O10=""),"",IF(OR(COUNTIFS(Roster!$B$7:$B$26,Roster!$B10,Roster!O$7:O$26,"?*")>Setup!$B$5,COUNTIF(Roster!O$7:O$26,"?*")>Setup!$B$6),"CLASH","OK")) | ... CU10: =IF(OR(Roster!$A10="",Roster!CU10=""),"",IF(OR(COUNTIFS(Roster!$B$7:$B$26,Roster!$B10,Roster!CU$7:CU$26,"?*")>Setup!$B$5,COUNTIF(Roster!CU$7:CU$26,"?*")>Setup!$B$6),"CLASH","OK"))
A11: =IF(Roster!A11="","",Roster!A11) -> Esther Mensah | B11: =IF(Roster!A11="","",Roster!B11) -> HR | H11: =IF(OR(Roster!$A11="",Roster!H11=""),"",IF(OR(COUNTIFS(Roster!$B$7:$B$26,Roster!$B11,Roster!H$7:H$26,"?*")>Setup!$B$5,COUNTIF(Roster!H$7:H$26,"?*")>Setup!$B$6),"CLASH","OK")) | I11: =IF(OR(Roster!$A11="",Roster!I11=""),"",IF(OR(COUNTIFS(Roster!$B$7:$B$26,Roster!$B11,Roster!I$7:I$26,"?*")>Setup!$B$5,COUNTIF(Roster!I$7:I$26,"?*")>Setup!$B$6),"CLASH","OK")) | J11: =IF(OR(Roster!$A11="",Roster!J11=""),"",IF(OR(COUNTIFS(Roster!$B$7:$B$26,Roster!$B11,Roster!J$7:J$26,"?*")>Setup!$B$5,COUNTIF(Roster!J$7:J$26,"?*")>Setup!$B$6),"CLASH","OK")) | K11: =IF(OR(Roster!$A11="",Roster!K11=""),"",IF(OR(COUNTIFS(Roster!$B$7:$B$26,Roster!$B11,Roster!K$7:K$26,"?*")>Setup!$B$5,COUNTIF(Roster!K$7:K$26,"?*")>Setup!$B$6),"CLASH","OK")) | L11: =IF(OR(Roster!$A11="",Roster!L11=""),"",IF(OR(COUNTIFS(Roster!$B$7:$B$26,Roster!$B11,Roster!L$7:L$26,"?*")>Setup!$B$5,COUNTIF(Roster!L$7:L$26,"?*")>Setup!$B$6),"CLASH","OK")) | M11: =IF(OR(Roster!$A11="",Roster!M11=""),"",IF(OR(COUNTIFS(Roster!$B$7:$B$26,Roster!$B11,Roster!M$7:M$26,"?*")>Setup!$B$5,COUNTIF(Roster!M$7:M$26,"?*")>Setup!$B$6),"CLASH","OK")) | N11: =IF(OR(Roster!$A11="",Roster!N11=""),"",IF(OR(COUNTIFS(Roster!$B$7:$B$26,Roster!$B11,Roster!N$7:N$26,"?*")>Setup!$B$5,COUNTIF(Roster!N$7:N$26,"?*")>Setup!$B$6),"CLASH","OK")) | O11: =IF(OR(Roster!$A11="",Roster!O11=""),"",IF(OR(COUNTIFS(Roster!$B$7:$B$26,Roster!$B11,Roster!O$7:O$26,"?*")>Setup!$B$5,COUNTIF(Roster!O$7:O$26,"?*")>Setup!$B$6),"CLASH","OK")) | ... CU11: =IF(OR(Roster!$A11="",Roster!CU11=""),"",IF(OR(COUNTIFS(Roster!$B$7:$B$26,Roster!$B11,Roster!CU$7:CU$26,"?*")>Setup!$B$5,COUNTIF(Roster!CU$7:CU$26,"?*")>Setup!$B$6),"CLASH","OK"))
A12: =IF(Roster!A12="","",Roster!A12) -> Farid Khan | B12: =IF(Roster!A12="","",Roster!B12) -> IT | H12: =IF(OR(Roster!$A12="",Roster!H12=""),"",IF(OR(COUNTIFS(Roster!$B$7:$B$26,Roster!$B12,Roster!H$7:H$26,"?*")>Setup!$B$5,COUNTIF(Roster!H$7:H$26,"?*")>Setup!$B$6),"CLASH","OK")) | I12: =IF(OR(Roster!$A12="",Roster!I12=""),"",IF(OR(COUNTIFS(Roster!$B$7:$B$26,Roster!$B12,Roster!I$7:I$26,"?*")>Setup!$B$5,COUNTIF(Roster!I$7:I$26,"?*")>Setup!$B$6),"CLASH","OK")) | J12: =IF(OR(Roster!$A12="",Roster!J12=""),"",IF(OR(COUNTIFS(Roster!$B$7:$B$26,Roster!$B12,Roster!J$7:J$26,"?*")>Setup!$B$5,COUNTIF(Roster!J$7:J$26,"?*")>Setup!$B$6),"CLASH","OK")) | K12: =IF(OR(Roster!$A12="",Roster!K12=""),"",IF(OR(COUNTIFS(Roster!$B$7:$B$26,Roster!$B12,Roster!K$7:K$26,"?*")>Setup!$B$5,COUNTIF(Roster!K$7:K$26,"?*")>Setup!$B$6),"CLASH","OK")) | L12: =IF(OR(Roster!$A12="",Roster!L12=""),"",IF(OR(COUNTIFS(Roster!$B$7:$B$26,Roster!$B12,Roster!L$7:L$26,"?*")>Setup!$B$5,COUNTIF(Roster!L$7:L$26,"?*")>Setup!$B$6),"CLASH","OK")) | M12: =IF(OR(Roster!$A12="",Roster!M12=""),"",IF(OR(COUNTIFS(Roster!$B$7:$B$26,Roster!$B12,Roster!M$7:M$26,"?*")>Setup!$B$5,COUNTIF(Roster!M$7:M$26,"?*")>Setup!$B$6),"CLASH","OK")) | N12: =IF(OR(Roster!$A12="",Roster!N12=""),"",IF(OR(COUNTIFS(Roster!$B$7:$B$26,Roster!$B12,Roster!N$7:N$26,"?*")>Setup!$B$5,COUNTIF(Roster!N$7:N$26,"?*")>Setup!$B$6),"CLASH","OK")) | O12: =IF(OR(Roster!$A12="",Roster!O12=""),"",IF(OR(COUNTIFS(Roster!$B$7:$B$26,Roster!$B12,Roster!O$7:O$26,"?*")>Setup!$B$5,COUNTIF(Roster!O$7:O$26,"?*")>Setup!$B$6),"CLASH","OK")) | ... CU12: =IF(OR(Roster!$A12="",Roster!CU12=""),"",IF(OR(COUNTIFS(Roster!$B$7:$B$26,Roster!$B12,Roster!CU$7:CU$26,"?*")>Setup!$B$5,COUNTIF(Roster!CU$7:CU$26,"?*")>Setup!$B$6),"CLASH","OK"))
A13: =IF(Roster!A13="","",Roster!A13) -> Grace Lee | B13: =IF(Roster!A13="","",Roster!B13) -> IT | H13: =IF(OR(Roster!$A13="",Roster!H13=""),"",IF(OR(COUNTIFS(Roster!$B$7:$B$26,Roster!$B13,Roster!H$7:H$26,"?*")>Setup!$B$5,COUNTIF(Roster!H$7:H$26,"?*")>Setup!$B$6),"CLASH","OK")) | I13: =IF(OR(Roster!$A13="",Roster!I13=""),"",IF(OR(COUNTIFS(Roster!$B$7:$B$26,Roster!$B13,Roster!I$7:I$26,"?*")>Setup!$B$5,COUNTIF(Roster!I$7:I$26,"?*")>Setup!$B$6),"CLASH","OK")) | J13: =IF(OR(Roster!$A13="",Roster!J13=""),"",IF(OR(COUNTIFS(Roster!$B$7:$B$26,Roster!$B13,Roster!J$7:J$26,"?*")>Setup!$B$5,COUNTIF(Roster!J$7:J$26,"?*")>Setup!$B$6),"CLASH","OK")) | K13: =IF(OR(Roster!$A13="",Roster!K13=""),"",IF(OR(COUNTIFS(Roster!$B$7:$B$26,Roster!$B13,Roster!K$7:K$26,"?*")>Setup!$B$5,COUNTIF(Roster!K$7:K$26,"?*")>Setup!$B$6),"CLASH","OK")) | L13: =IF(OR(Roster!$A13="",Roster!L13=""),"",IF(OR(COUNTIFS(Roster!$B$7:$B$26,Roster!$B13,Roster!L$7:L$26,"?*")>Setup!$B$5,COUNTIF(Roster!L$7:L$26,"?*")>Setup!$B$6),"CLASH","OK")) | M13: =IF(OR(Roster!$A13="",Roster!M13=""),"",IF(OR(COUNTIFS(Roster!$B$7:$B$26,Roster!$B13,Roster!M$7:M$26,"?*")>Setup!$B$5,COUNTIF(Roster!M$7:M$26,"?*")>Setup!$B$6),"CLASH","OK")) | N13: =IF(OR(Roster!$A13="",Roster!N13=""),"",IF(OR(COUNTIFS(Roster!$B$7:$B$26,Roster!$B13,Roster!N$7:N$26,"?*")>Setup!$B$5,COUNTIF(Roster!N$7:N$26,"?*")>Setup!$B$6),"CLASH","OK")) | O13: =IF(OR(Roster!$A13="",Roster!O13=""),"",IF(OR(COUNTIFS(Roster!$B$7:$B$26,Roster!$B13,Roster!O$7:O$26,"?*")>Setup!$B$5,COUNTIF(Roster!O$7:O$26,"?*")>Setup!$B$6),"CLASH","OK")) | ... CU13: =IF(OR(Roster!$A13="",Roster!CU13=""),"",IF(OR(COUNTIFS(Roster!$B$7:$B$26,Roster!$B13,Roster!CU$7:CU$26,"?*")>Setup!$B$5,COUNTIF(Roster!CU$7:CU$26,"?*")>Setup!$B$6),"CLASH","OK"))
A14: =IF(Roster!A14="","",Roster!A14) -> Hassan Ali | B14: =IF(Roster!A14="","",Roster!B14) -> Sales | H14: =IF(OR(Roster!$A14="",Roster!H14=""),"",IF(OR(COUNTIFS(Roster!$B$7:$B$26,Roster!$B14,Roster!H$7:H$26,"?*")>Setup!$B$5,COUNTIF(Roster!H$7:H$26,"?*")>Setup!$B$6),"CLASH","OK")) | I14: =IF(OR(Roster!$A14="",Roster!I14=""),"",IF(OR(COUNTIFS(Roster!$B$7:$B$26,Roster!$B14,Roster!I$7:I$26,"?*")>Setup!$B$5,COUNTIF(Roster!I$7:I$26,"?*")>Setup!$B$6),"CLASH","OK")) | J14: =IF(OR(Roster!$A14="",Roster!J14=""),"",IF(OR(COUNTIFS(Roster!$B$7:$B$26,Roster!$B14,Roster!J$7:J$26,"?*")>Setup!$B$5,COUNTIF(Roster!J$7:J$26,"?*")>Setup!$B$6),"CLASH","OK")) | K14: =IF(OR(Roster!$A14="",Roster!K14=""),"",IF(OR(COUNTIFS(Roster!$B$7:$B$26,Roster!$B14,Roster!K$7:K$26,"?*")>Setup!$B$5,COUNTIF(Roster!K$7:K$26,"?*")>Setup!$B$6),"CLASH","OK")) | L14: =IF(OR(Roster!$A14="",Roster!L14=""),"",IF(OR(COUNTIFS(Roster!$B$7:$B$26,Roster!$B14,Roster!L$7:L$26,"?*")>Setup!$B$5,COUNTIF(Roster!L$7:L$26,"?*")>Setup!$B$6),"CLASH","OK")) | M14: =IF(OR(Roster!$A14="",Roster!M14=""),"",IF(OR(COUNTIFS(Roster!$B$7:$B$26,Roster!$B14,Roster!M$7:M$26,"?*")>Setup!$B$5,COUNTIF(Roster!M$7:M$26,"?*")>Setup!$B$6),"CLASH","OK")) | N14: =IF(OR(Roster!$A14="",Roster!N14=""),"",IF(OR(COUNTIFS(Roster!$B$7:$B$26,Roster!$B14,Roster!N$7:N$26,"?*")>Setup!$B$5,COUNTIF(Roster!N$7:N$26,"?*")>Setup!$B$6),"CLASH","OK")) | O14: =IF(OR(Roster!$A14="",Roster!O14=""),"",IF(OR(COUNTIFS(Roster!$B$7:$B$26,Roster!$B14,Roster!O$7:O$26,"?*")>Setup!$B$5,COUNTIF(Roster!O$7:O$26,"?*")>Setup!$B$6),"CLASH","OK")) | ... CU14: =IF(OR(Roster!$A14="",Roster!CU14=""),"",IF(OR(COUNTIFS(Roster!$B$7:$B$26,Roster!$B14,Roster!CU$7:CU$26,"?*")>Setup!$B$5,COUNTIF(Roster!CU$7:CU$26,"?*")>Setup!$B$6),"CLASH","OK"))
A15: =IF(Roster!A15="","",Roster!A15) -> Ifeoma Nnadi | B15: =IF(Roster!A15="","",Roster!B15) -> Sales | H15: =IF(OR(Roster!$A15="",Roster!H15=""),"",IF(OR(COUNTIFS(Roster!$B$7:$B$26,Roster!$B15,Roster!H$7:H$26,"?*")>Setup!$B$5,COUNTIF(Roster!H$7:H$26,"?*")>Setup!$B$6),"CLASH","OK")) | I15: =IF(OR(Roster!$A15="",Roster!I15=""),"",IF(OR(COUNTIFS(Roster!$B$7:$B$26,Roster!$B15,Roster!I$7:I$26,"?*")>Setup!$B$5,COUNTIF(Roster!I$7:I$26,"?*")>Setup!$B$6),"CLASH","OK")) | J15: =IF(OR(Roster!$A15="",Roster!J15=""),"",IF(OR(COUNTIFS(Roster!$B$7:$B$26,Roster!$B15,Roster!J$7:J$26,"?*")>Setup!$B$5,COUNTIF(Roster!J$7:J$26,"?*")>Setup!$B$6),"CLASH","OK")) | K15: =IF(OR(Roster!$A15="",Roster!K15=""),"",IF(OR(COUNTIFS(Roster!$B$7:$B$26,Roster!$B15,Roster!K$7:K$26,"?*")>Setup!$B$5,COUNTIF(Roster!K$7:K$26,"?*")>Setup!$B$6),"CLASH","OK")) | L15: =IF(OR(Roster!$A15="",Roster!L15=""),"",IF(OR(COUNTIFS(Roster!$B$7:$B$26,Roster!$B15,Roster!L$7:L$26,"?*")>Setup!$B$5,COUNTIF(Roster!L$7:L$26,"?*")>Setup!$B$6),"CLASH","OK")) | M15: =IF(OR(Roster!$A15="",Roster!M15=""),"",IF(OR(COUNTIFS(Roster!$B$7:$B$26,Roster!$B15,Roster!M$7:M$26,"?*")>Setup!$B$5,COUNTIF(Roster!M$7:M$26,"?*")>Setup!$B$6),"CLASH","OK")) | N15: =IF(OR(Roster!$A15="",Roster!N15=""),"",IF(OR(COUNTIFS(Roster!$B$7:$B$26,Roster!$B15,Roster!N$7:N$26,"?*")>Setup!$B$5,COUNTIF(Roster!N$7:N$26,"?*")>Setup!$B$6),"CLASH","OK")) | O15: =IF(OR(Roster!$A15="",Roster!O15=""),"",IF(OR(COUNTIFS(Roster!$B$7:$B$26,Roster!$B15,Roster!O$7:O$26,"?*")>Setup!$B$5,COUNTIF(Roster!O$7:O$26,"?*")>Setup!$B$6),"CLASH","OK")) | ... CU15: =IF(OR(Roster!$A15="",Roster!CU15=""),"",IF(OR(COUNTIFS(Roster!$B$7:$B$26,Roster!$B15,Roster!CU$7:CU$26,"?*")>Setup!$B$5,COUNTIF(Roster!CU$7:CU$26,"?*")>Setup!$B$6),"CLASH","OK"))
A16: =IF(Roster!A16="","",Roster!A16) | B16: =IF(Roster!A16="","",Roster!B16) | H16: =IF(OR(Roster!$A16="",Roster!H16=""),"",IF(OR(COUNTIFS(Roster!$B$7:$B$26,Roster!$B16,Roster!H$7:H$26,"?*")>Setup!$B$5,COUNTIF(Roster!H$7:H$26,"?*")>Setup!$B$6),"CLASH","OK")) | I16: =IF(OR(Roster!$A16="",Roster!I16=""),"",IF(OR(COUNTIFS(Roster!$B$7:$B$26,Roster!$B16,Roster!I$7:I$26,"?*")>Setup!$B$5,COUNTIF(Roster!I$7:I$26,"?*")>Setup!$B$6),"CLASH","OK")) | J16: =IF(OR(Roster!$A16="",Roster!J16=""),"",IF(OR(COUNTIFS(Roster!$B$7:$B$26,Roster!$B16,Roster!J$7:J$26,"?*")>Setup!$B$5,COUNTIF(Roster!J$7:J$26,"?*")>Setup!$B$6),"CLASH","OK")) | K16: =IF(OR(Roster!$A16="",Roster!K16=""),"",IF(OR(COUNTIFS(Roster!$B$7:$B$26,Roster!$B16,Roster!K$7:K$26,"?*")>Setup!$B$5,COUNTIF(Roster!K$7:K$26,"?*")>Setup!$B$6),"CLASH","OK")) | L16: =IF(OR(Roster!$A16="",Roster!L16=""),"",IF(OR(COUNTIFS(Roster!$B$7:$B$26,Roster!$B16,Roster!L$7:L$26,"?*")>Setup!$B$5,COUNTIF(Roster!L$7:L$26,"?*")>Setup!$B$6),"CLASH","OK")) | M16: =IF(OR(Roster!$A16="",Roster!M16=""),"",IF(OR(COUNTIFS(Roster!$B$7:$B$26,Roster!$B16,Roster!M$7:M$26,"?*")>Setup!$B$5,COUNTIF(Roster!M$7:M$26,"?*")>Setup!$B$6),"CLASH","OK")) | N16: =IF(OR(Roster!$A16="",Roster!N16=""),"",IF(OR(COUNTIFS(Roster!$B$7:$B$26,Roster!$B16,Roster!N$7:N$26,"?*")>Setup!$B$5,COUNTIF(Roster!N$7:N$26,"?*")>Setup!$B$6),"CLASH","OK")) | O16: =IF(OR(Roster!$A16="",Roster!O16=""),"",IF(OR(COUNTIFS(Roster!$B$7:$B$26,Roster!$B16,Roster!O$7:O$26,"?*")>Setup!$B$5,COUNTIF(Roster!O$7:O$26,"?*")>Setup!$B$6),"CLASH","OK")) | ... CU16: =IF(OR(Roster!$A16="",Roster!CU16=""),"",IF(OR(COUNTIFS(Roster!$B$7:$B$26,Roster!$B16,Roster!CU$7:CU$26,"?*")>Setup!$B$5,COUNTIF(Roster!CU$7:CU$26,"?*")>Setup!$B$6),"CLASH","OK"))
A17: =IF(Roster!A17="","",Roster!A17) | B17: =IF(Roster!A17="","",Roster!B17) | H17: =IF(OR(Roster!$A17="",Roster!H17=""),"",IF(OR(COUNTIFS(Roster!$B$7:$B$26,Roster!$B17,Roster!H$7:H$26,"?*")>Setup!$B$5,COUNTIF(Roster!H$7:H$26,"?*")>Setup!$B$6),"CLASH","OK")) | I17: =IF(OR(Roster!$A17="",Roster!I17=""),"",IF(OR(COUNTIFS(Roster!$B$7:$B$26,Roster!$B17,Roster!I$7:I$26,"?*")>Setup!$B$5,COUNTIF(Roster!I$7:I$26,"?*")>Setup!$B$6),"CLASH","OK")) | J17: =IF(OR(Roster!$A17="",Roster!J17=""),"",IF(OR(COUNTIFS(Roster!$B$7:$B$26,Roster!$B17,Roster!J$7:J$26,"?*")>Setup!$B$5,COUNTIF(Roster!J$7:J$26,"?*")>Setup!$B$6),"CLASH","OK")) | K17: =IF(OR(Roster!$A17="",Roster!K17=""),"",IF(OR(COUNTIFS(Roster!$B$7:$B$26,Roster!$B17,Roster!K$7:K$26,"?*")>Setup!$B$5,COUNTIF(Roster!K$7:K$26,"?*")>Setup!$B$6),"CLASH","OK")) | L17: =IF(OR(Roster!$A17="",Roster!L17=""),"",IF(OR(COUNTIFS(Roster!$B$7:$B$26,Roster!$B17,Roster!L$7:L$26,"?*")>Setup!$B$5,COUNTIF(Roster!L$7:L$26,"?*")>Setup!$B$6),"CLASH","OK")) | M17: =IF(OR(Roster!$A17="",Roster!M17=""),"",IF(OR(COUNTIFS(Roster!$B$7:$B$26,Roster!$B17,Roster!M$7:M$26,"?*")>Setup!$B$5,COUNTIF(Roster!M$7:M$26,"?*")>Setup!$B$6),"CLASH","OK")) | N17: =IF(OR(Roster!$A17="",Roster!N17=""),"",IF(OR(COUNTIFS(Roster!$B$7:$B$26,Roster!$B17,Roster!N$7:N$26,"?*")>Setup!$B$5,COUNTIF(Roster!N$7:N$26,"?*")>Setup!$B$6),"CLASH","OK")) | O17: =IF(OR(Roster!$A17="",Roster!O17=""),"",IF(OR(COUNTIFS(Roster!$B$7:$B$26,Roster!$B17,Roster!O$7:O$26,"?*")>Setup!$B$5,COUNTIF(Roster!O$7:O$26,"?*")>Setup!$B$6),"CLASH","OK")) | ... CU17: =IF(OR(Roster!$A17="",Roster!CU17=""),"",IF(OR(COUNTIFS(Roster!$B$7:$B$26,Roster!$B17,Roster!CU$7:CU$26,"?*")>Setup!$B$5,COUNTIF(Roster!CU$7:CU$26,"?*")>Setup!$B$6),"CLASH","OK"))
A18: =IF(Roster!A18="","",Roster!A18) | B18: =IF(Roster!A18="","",Roster!B18) | H18: =IF(OR(Roster!$A18="",Roster!H18=""),"",IF(OR(COUNTIFS(Roster!$B$7:$B$26,Roster!$B18,Roster!H$7:H$26,"?*")>Setup!$B$5,COUNTIF(Roster!H$7:H$26,"?*")>Setup!$B$6),"CLASH","OK")) | I18: =IF(OR(Roster!$A18="",Roster!I18=""),"",IF(OR(COUNTIFS(Roster!$B$7:$B$26,Roster!$B18,Roster!I$7:I$26,"?*")>Setup!$B$5,COUNTIF(Roster!I$7:I$26,"?*")>Setup!$B$6),"CLASH","OK")) | J18: =IF(OR(Roster!$A18="",Roster!J18=""),"",IF(OR(COUNTIFS(Roster!$B$7:$B$26,Roster!$B18,Roster!J$7:J$26,"?*")>Setup!$B$5,COUNTIF(Roster!J$7:J$26,"?*")>Setup!$B$6),"CLASH","OK")) | K18: =IF(OR(Roster!$A18="",Roster!K18=""),"",IF(OR(COUNTIFS(Roster!$B$7:$B$26,Roster!$B18,Roster!K$7:K$26,"?*")>Setup!$B$5,COUNTIF(Roster!K$7:K$26,"?*")>Setup!$B$6),"CLASH","OK")) | L18: =IF(OR(Roster!$A18="",Roster!L18=""),"",IF(OR(COUNTIFS(Roster!$B$7:$B$26,Roster!$B18,Roster!L$7:L$26,"?*")>Setup!$B$5,COUNTIF(Roster!L$7:L$26,"?*")>Setup!$B$6),"CLASH","OK")) | M18: =IF(OR(Roster!$A18="",Roster!M18=""),"",IF(OR(COUNTIFS(Roster!$B$7:$B$26,Roster!$B18,Roster!M$7:M$26,"?*")>Setup!$B$5,COUNTIF(Roster!M$7:M$26,"?*")>Setup!$B$6),"CLASH","OK")) | N18: =IF(OR(Roster!$A18="",Roster!N18=""),"",IF(OR(COUNTIFS(Roster!$B$7:$B$26,Roster!$B18,Roster!N$7:N$26,"?*")>Setup!$B$5,COUNTIF(Roster!N$7:N$26,"?*")>Setup!$B$6),"CLASH","OK")) | O18: =IF(OR(Roster!$A18="",Roster!O18=""),"",IF(OR(COUNTIFS(Roster!$B$7:$B$26,Roster!$B18,Roster!O$7:O$26,"?*")>Setup!$B$5,COUNTIF(Roster!O$7:O$26,"?*")>Setup!$B$6),"CLASH","OK")) | ... CU18: =IF(OR(Roster!$A18="",Roster!CU18=""),"",IF(OR(COUNTIFS(Roster!$B$7:$B$26,Roster!$B18,Roster!CU$7:CU$26,"?*")>Setup!$B$5,COUNTIF(Roster!CU$7:CU$26,"?*")>Setup!$B$6),"CLASH","OK"))
... A26: =IF(Roster!A26="","",Roster!A26) | B26: =IF(Roster!A26="","",Roster!B26) | H26: =IF(OR(Roster!$A26="",Roster!H26=""),"",IF(OR(COUNTIFS(Roster!$B$7:$B$26,Roster!$B26,Roster!H$7:H$26,"?*")>Setup!$B$5,COUNTIF(Roster!H$7:H$26,"?*")>Setup!$B$6),"CLASH","OK")) | I26: =IF(OR(Roster!$A26="",Roster!I26=""),"",IF(OR(COUNTIFS(Roster!$B$7:$B$26,Roster!$B26,Roster!I$7:I$26,"?*")>Setup!$B$5,COUNTIF(Roster!I$7:I$26,"?*")>Setup!$B$6),"CLASH","OK")) | J26: =IF(OR(Roster!$A26="",Roster!J26=""),"",IF(OR(COUNTIFS(Roster!$B$7:$B$26,Roster!$B26,Roster!J$7:J$26,"?*")>Setup!$B$5,COUNTIF(Roster!J$7:J$26,"?*")>Setup!$B$6),"CLASH","OK")) | K26: =IF(OR(Roster!$A26="",Roster!K26=""),"",IF(OR(COUNTIFS(Roster!$B$7:$B$26,Roster!$B26,Roster!K$7:K$26,"?*")>Setup!$B$5,COUNTIF(Roster!K$7:K$26,"?*")>Setup!$B$6),"CLASH","OK")) | L26: =IF(OR(Roster!$A26="",Roster!L26=""),"",IF(OR(COUNTIFS(Roster!$B$7:$B$26,Roster!$B26,Roster!L$7:L$26,"?*")>Setup!$B$5,COUNTIF(Roster!L$7:L$26,"?*")>Setup!$B$6),"CLASH","OK")) | M26: =IF(OR(Roster!$A26="",Roster!M26=""),"",IF(OR(COUNTIFS(Roster!$B$7:$B$26,Roster!$B26,Roster!M$7:M$26,"?*")>Setup!$B$5,COUNTIF(Roster!M$7:M$26,"?*")>Setup!$B$6),"CLASH","OK")) | N26: =IF(OR(Roster!$A26="",Roster!N26=""),"",IF(OR(COUNTIFS(Roster!$B$7:$B$26,Roster!$B26,Roster!N$7:N$26,"?*")>Setup!$B$5,COUNTIF(Roster!N$7:N$26,"?*")>Setup!$B$6),"CLASH","OK")) | O26: =IF(OR(Roster!$A26="",Roster!O26=""),"",IF(OR(COUNTIFS(Roster!$B$7:$B$26,Roster!$B26,Roster!O$7:O$26,"?*")>Setup!$B$5,COUNTIF(Roster!O$7:O$26,"?*")>Setup!$B$6),"CLASH","OK")) | ... CU26: =IF(OR(Roster!$A26="",Roster!CU26=""),"",IF(OR(COUNTIFS(Roster!$B$7:$B$26,Roster!$B26,Roster!CU$7:CU$26,"?*")>Setup!$B$5,COUNTIF(Roster!CU$7:CU$26,"?*")>Setup!$B$6),"CLASH","OK"))
